"id	Kanji	""Reading within Joyo""	""Translation of On""",,,
"1	亜	ア	""rank next",,,
"2	哀	アイ、あわ-れ、あわ-れむ	""pity",,,
"3	挨	アイ	""push open""",,,
"4	愛	アイ	""love",,,
"5	曖	アイ	""dark; not clear""",,,
"6	悪	アク、オ、わる-い	""evil",,,
"7	握	アク、にぎ-る	""grasp",,,
"8	圧	アツ	""press",,,
"9	扱	あつか-う	-",,,
"10	宛	あ-てる	-",,,
"11	嵐	あらし	-",,,
"12	安	アン、やす-い	""be rested",,,
"13	案	アン	""proposition",,,
"14	暗	アン、くら-い	dark",,,
"15	以	イ	""with",,,
"16	衣	イ、ころも	garment",,,
"17	位	イ、くらい	""rank",,,
"18	囲	イ、かこ-む、かこ-う	enclosure",,,
"19	医	イ	""medicine",,,
"20	依	イ、[エ]	""depend on""",,,
"21	委	イ、ゆだ-ねる	""entrust to",,,
"22	威	イ	""dignity",,,
"23	為	イ	""change; be of use; reach to""",,,
"24	畏	イ、おそ-れる	""fear",,,
"25	胃	イ	""stomach; paunch",,,
"26	尉	イ	""jailer; old man; rank; company officer""",,,
"27	異	イ、こと	""uncommonness",,,
"28	移	イ、うつ-る、うつ-す	""move",,,
"29	萎	イ、な-える	""wither",,,
"30	偉	イ、えら-い	greatness",,,
"31	椅	イ	chair",,,
"32	彙	イ	""same kind""",,,
"33	意	イ	""mind",,,
"34	違	イ、ちが-う、ちが-える	""differ",,,
"35	維	イ	""tie",,,
"36	慰	イ、なぐさ-める、なぐさ-む	""amuse oneself; make sport of; seduce""",,,
"37	遺	イ、[ユイ]	""leave behind; bequeath; save",,,
"38	緯	イ	""woof; horizontal; left and right; parallels of latitude; latitude""",,,
"39	域	イキ	""region; limits; stage",,,
"40	育	イク、そだ-つ、そだ-てる、はぐく-む	""be raised",,,
"41	一	イチ、イツ、ひと、ひと-つ	""one",,,
"42	壱	イチ	one",,,
"43	逸	イツ	""idleness",,,
"44	茨	[いばら]	""thorn",,,
"45	芋	いも	-",,,
"46	引	イン、ひ-く、ひ-ける	""draw",,,
"47	印	イン、しるし	""seal",,,
"48	因	イン、よ-る	""cause",,,
"49	咽	イン	""be choked",,,
"50	姻	イン	marry",,,
"51	員	イン	""member; number; the one in charge""",,,
"52	院	イン	""mansion; temple; palace; hospital; school; institution; congress; ex-emperor""",,,
"53	淫	イン、みだ-ら	""lewdness",,,
"54	陰	イン、かげ、かげ-る	""the yin principle; negative; melancholy; north side of a mountain; sex organs; secret; shadow; south side of a river; negative electrode; earth; bottom; back; inactivity; nighttime; moon""",,,
"55	飲	イン、の-む	""drinking; feast""",,,
"56	隠	イン、かく-す、かく-れる	""hide",,,
"57	韻	イン	""rhyme; elegance; tone""",,,
"58	右	ウ、ユウ、みぎ	""right",,,
"59	宇	ウ	""eaves; roof; house; heaven""",,,
"60	羽	ウ、は、はね	feather",,,
"61	雨	ウ、あめ、[あま]	""rain",,,
"62	唄	[うた]	-",,,
"63	鬱	ウツ	""gloom",,,
"64	畝	うね	-",,,
"65	浦	うら	-",,,
"66	運	ウン、はこ-ぶ	""destiny",,,
"67	雲	ウン、くも	cloud",,,
"68	永	エイ、なが-い	""long",,,
"69	泳	エイ、およ-ぐ	""swim; totter; keep afloat",,,
"70	英	エイ	""England",,,
"71	映	エイ、うつ-る、うつ-す、は-える	""reflecting; projection""",,,
"72	栄	エイ、さか-える、は-え、は-える	""prosperity",,,
"73	営	エイ、いとな-む	""camp",,,
"74	詠	エイ、よ-む	""poem; song; singing; composing""",,,
"75	影	エイ、かげ	shadow",,,
"76	鋭	エイ、するど-い	""sharpness; edge; (sharp) weapon; picked men (soldiers)",,,
"77	衛	エイ	protection",,,
"78	易	エキ、イ、やさ-しい	""easiness; divination",,,
"79	疫	エキ、[ヤク]	epidemic",,,
"80	益	エキ、[ヤク]	""gain",,,
"81	液	エキ	""liquid",,,
"82	駅	エキ	""post town; stage; station""",,,
"83	悦	エツ	""joy",,,
"84	越	エツ、こ-す、こ-える	""cross; pass; spend; tide over; outrun; exceed; surpass; move; go; come""",,,
"85	謁	エツ	""audience (with a ruler)""",,,
"86	閲	エツ	""inspection",,,
"87	円	エン、まる-い	""circle; yen""",,,
"88	延	エン、の-びる、の-べる、の-ばす	stretching",,,
"89	沿	エン、そ-う	""following along""",,,
"90	炎	エン、ほのお	inflammation",,,
"91	怨	エン、オン	""bear a grudge",,,
"92	宴	エン	""feast",,,
"93	媛	エン	""princess; young lady of noble birth""",,,
"94	援	エン	""help",,,
"95	園	エン、その	""garden",,,
"96	煙	エン、けむ-る、けむり、けむ-い	smoke",,,
"97	猿	エン、さる	monkey",,,
"98	遠	エン、[オン]、とお-い	""far",,,
"99	鉛	エン、なまり	lead(metal)",,,
"100	塩	エン、しお	salt",,,
"101	演	エン	""perform",,,
"102	縁	エン、ふち	""relation",,,
"103	艶	エン、つや	""luster",,,
"104	汚	オ、けが-す、けが-れる、けが-らわしい、よご-す、よご-れる、きたな-い	""make dirty",,,
"105	王	オウ	""king",,,
"106	凹	オウ	""hollow",,,
"107	央	オウ	middle",,,
"108	応	オウ、こた-える	""yes",,,
"109	往	オウ	""let go; chase away""",,,
"110	押	オウ、お-す、お-さえる	""push",,,
"111	旺	オウ	""flourishing",,,
"112	欧	オウ	Europe",,,
"113	殴	オウ、なぐ-る	""hit",,,
"114	桜	オウ、さくら	""flowering cherry; cherry blossoms; pink color; horse meat""",,,
"115	翁	オウ	""old man",,,
"116	奥	オウ、おく	""heart",,,
"117	横	オウ、よこ	horizontal",,,
"118	岡	[おか]	-",,,
"119	屋	オク、や	""house",,,
"120	億	オク	100",,,
"121	憶	オク	""think",,,
"122	臆	オク	""timidity; breast",,,
"123	虞	おそれ	-",,,
"124	乙	オツ	""B",,,
"125	俺	おれ	-",,,
"126	卸	おろ-す、おろし	-",,,
"127	音	オン、イン、おと、ね	""sound; noise; pronunciation; tone""",,,
"128	恩	オン	""kindness",,,
"129	温	オン、あたた-か、あたた-かい、あたた-まる、あたた-める	""warm",,,
"130	穏	オン、おだ-やか	""calm",,,
"131	下	カ、ゲ、した、しも、もと、さ-げる、さ-がる、くだ-る、くだ-す、くだ-さる、お-ろす、お-りる	""low class; inferiority; second",,,
"132	化	カ、ケ、ば-ける、ば-かす	""influence; bewitch",,,
"133	火	カ、ひ、[ほ]	""fire",,,
"134	加	カ、くわ-える、くわ-わる	""addition",,,
"135	可	カ	""good",,,
"136	仮	カ、[ケ]、かり	""(Buddhist) vanity""",,,
"137	何	カ、なに、[なん]	what",,,
"138	花	カ、はな	flower",,,
"139	佳	カ	""good",,,
"140	価	カ、あたい	""price",,,
"141	果	カ、は-たす、は-てる、は-て	""fruit",,,
"142	河	カ、かわ	""river",,,
"143	苛	カ	""torment",,,
"144	科	カ	""course",,,
"145	架	カ、か-ける、か-かる	""frame",,,
"146	夏	カ、[ゲ]、なつ	summer",,,
"147	家	カ、ケ、いえ、や	house",,,
"148	荷	カ、に	""shoulder-pole load""",,,
"149	華	カ、[ケ]、はな	""flower",,,
"150	菓	カ	""cakes; fruit""",,,
"151	貨	カ	""property",,,
"152	渦	カ、うず	""eddy",,,
"153	過	カ、す-ぎる、す-ごす、あやま-つ、あやま-ち	""excess; error""",,,
"154	嫁	カ、よめ、とつ-ぐ	""marry (a man); be married to; blame""",,,
"155	暇	カ、ひま	""rest",,,
"156	禍	カ	""calamity",,,
"157	靴	カ、くつ	shoes",,,
"158	寡	カ	""minority",,,
"160	箇	カ	""counters for things""",,,
"161	稼	カ、かせ-ぐ	""work",,,
"162	課	カ	""lesson; section",,,
"163	蚊	か	-",,,
"164	牙	ガ、[ゲ]、きば	""tusk",,,
"165	瓦	ガ、かわら	tile",,,
"166	我	ガ、われ、わ	""ego",,,
"167	画	ガ、カク	""picture",,,
"168	芽	ガ、め	""sprout",,,
"169	賀	ガ	""congratulations",,,
"170	雅	ガ	""elegance",,,
"171	餓	ガ	""be hungry",,,
"172	介	カイ	""shell",,,
"173	回	カイ、[エ]、まわ-る、まわ-す	""time; round",,,
"174	灰	カイ、はい	ashes",,,
"175	会	カイ、エ、あ-う	""Buddhist ceremony; understanding; meeting",,,
"176	快	カイ、こころよ-い	""pleasure",,,
"177	戒	カイ、いまし-める	""commandment; admonition""",,,
"178	改	カイ、あらた-める、あらた-まる	""change",,,
"179	怪	カイ、あや-しい、あや-しむ	""mystery; apparition""",,,
"180	拐	カイ	""falsify",,,
"181	悔	カイ、く-いる、く-やむ、くや-しい	""repend",,,
"182	海	カイ、うみ	""sea",,,
"183	界	カイ	""circle",,,
"184	皆	カイ、みな	""all",,,
"185	械	カイ	""fetters; machine; instrument""",,,
"186	絵	カイ、エ	""picture",,,
"187	開	カイ、ひら-く、ひら-ける、あ-く、あ-ける	opening",,,
"188	階	カイ	""stair",,,
"189	塊	カイ、かたまり	""lump",,,
"190	楷	カイ	""square-character style; straight tree; correctness",,,
"191	解	カイ、ゲ、と-く、と-かす、と-ける	""explanation",,,
"192	潰	カイ、つぶ-す、つぶ-れる	""crush",,,
"193	壊	カイ、こわ-す、こわ-れる	break",,,
"194	懐	カイ、ふところ、なつ-かしい、なつ-かしむ、なつ-く、なつ-ける	""heart",,,
"195	諧	カイ	""harmony",,,
"196	貝	かい	-",,,
"197	外	ガイ、ゲ、そと、ほか、はず-す、はず-れる	""outside",,,
"198	劾	ガイ	""criminal investigation""",,,
"199	害	ガイ	""injury",,,
"200	崖	ガイ、がけ	""cliff",,,
"201	涯	ガイ	shore",,,
"202	街	ガイ、[カイ]、まち	""street",,,
"203	慨	ガイ	""be sad""",,,
"204	蓋	ガイ、ふた	cover",,,
"205	該	ガイ	""the said""",,,
"206	概	ガイ	""approximation; condition",,,
"207	骸	ガイ	""bone",,,
"208	垣	かき	-",,,
"209	柿	かき	-",,,
"210	各	カク、おのおの	each",,,
"211	角	カク、かど、つの	""angle; corner; square; squared timber; target""",,,
"212	拡	カク	""expand",,,
"213	革	カク、かわ	""tanned leather""",,,
"214	格	カク、[コウ]	""status",,,
"215	核	カク	""nucleus",,,
"216	殻	カク、から	""husk",,,
"217	郭	カク	""enclosure; quarters""",,,
"218	覚	カク、おぼ-える、さ-ます、さ-める	""remember",,,
"219	較	カク	""compare",,,
"220	隔	カク、へだ-てる、へだ-たる	""distance",,,
"221	閣	カク	""tower",,,
"222	確	カク、たし-か、たし-かめる	""firm",,,
"223	獲	カク、え-る	""get",,,
"224	嚇	カク	""threaten; frighten; intimidate""",,,
"225	穫	カク	""harvest",,,
"226	学	ガク、まな-ぶ	""learning",,,
"227	岳	ガク、たけ	""peak",,,
"228	楽	ガク、ラク、たの-しい、たの-しむ	""music; comfort",,,
"229	額	ガク、ひたい	""tablet",,,
"230	顎	ガク、あご	jaw",,,
"231	掛	か-ける、か-かる、かかり	-",,,
"232	潟	かた	-",,,
"233	括	カツ	""tie up",,,
"234	活	カツ	""living; being helped; resuscitation""",,,
"235	喝	カツ	""scold",,,
"236	渇	カツ、かわ-く	thirst",,,
"237	割	カツ、わ-る、わり、わ-れる、さ-く	""divide",,,
"238	葛	カツ、くず	""arrowroot",,,
"239	滑	カツ、コツ、すべ-る、なめ-らか	""slide",,,
"240	褐	カツ	""woolen kimono""",,,
"241	轄	カツ	wedge",,,
"242	且	か-つ	-",,,
"243	株	かぶ	-",,,
"244	釜	かま	-",,,
"245	鎌	かま	-",,,
"246	刈	か-る	-",,,
"247	干	カン、ほ-す、ひ-る	""parch",,,
"248	刊	カン	""publishig; carve",,,
"249	甘	カン、あま-い、あま-える、あま-やかす	""presume upon",,,
"250	汗	カン、あせ	""be sweaty""",,,
"251	缶	カン	can",,,
"252	完	カン	""comletion",,,
"253	肝	カン、きも	liver",,,
"254	官	カン	""the Government",,,
"255	冠	カン、かんむり	""crown",,,
"256	巻	カン、ま-く、まき	""volume",,,
"257	看	カン	see",,,
"258	陥	カン、おちい-る、おとしい-れる	""fall into",,,
"259	乾	カン、かわ-く、かわ-かす	""heaven; emperor""",,,
"260	勘	カン	""perception",,,
"261	患	カン、わずら-う	disease",,,
"262	貫	カン、つらぬ-く	""8.3/1 pounds""",,,
"263	寒	カン、さむ-い	""midwinter",,,
"264	喚	カン	""cry",,,
"265	堪	カン、た-える	""endure; support; withstand",,,
"266	換	カン、か-える、か-わる	""change",,,
"267	敢	カン	""sad",,,
"268	棺	カン	""casket",,,
"269	款	カン	""article",,,
"270	間	カン、ケン、あいだ、ま	""interval; space; between; among; discord; favorable opportunity; six feet""",,,
"271	閑	カン	leisure",,,
"272	勧	カン、すす-める	""recommend",,,
"273	寛	カン	""leniency",,,
"274	幹	カン、みき	""(tree) trunk""",,,
"275	感	カン	""feeling",,,
"276	漢	カン	""Han (Dynasty); (old name for China)",,,
"277	慣	カン、な-れる、な-らす	""experience; become a habit""",,,
"278	管	カン、くだ	""pipe",,,
"279	関	カン、せき、かか-わる	""barrier",,,
"280	歓	カン	""joy",,,
"281	監	カン	""office",,,
"282	緩	カン、ゆる-い、ゆる-やか、ゆる-む、ゆる-める	""loosen",,,
"283	憾	カン	""regret",,,
"284	還	カン	""return; take one's leave; come again; come around (time)""",,,
"285	館	カン、やかた	""mansion",,,
"286	環	カン	ring",,,
"287	簡	カン	""brevity",,,
"288	観	カン	""look",,,
"289	韓	カン	Korea",,,
"290	艦	カン	warship",,,
"291	鑑	カン、かんが-みる	""take warning from",,,
"292	丸	ガン、まる、まる-い、まる-める	""full (month); perfection; purity; the ship-name suffix anciently used after the name of a sword or a child""",,,
"293	含	ガン、ふく-む、ふく-める	""hold in the mouth; bear in mind",,,
"294	岸	ガン、きし	""bank",,,
"295	岩	ガン、いわ	""rock",,,
"296	玩	ガン	""play; take pleasure in; play (on an instrument); play with; make sport of; trifle with (affections)""",,,
"297	眼	ガン、[ゲン]、まなこ	""eye; look",,,
"298	頑	ガン	""stubborn; foolish""",,,
"299	顔	ガン、かお	""face",,,
"300	願	ガン、ねが-う	""prayer",,,
"301	企	キ、くわだ-てる	""plan",,,
"302	伎	キ	""deed",,,
"303	危	キ、あぶ-ない、あや-うい、あや-ぶむ	""be afraid of",,,
"304	机	キ、つくえ	""desk",,,
"305	気	キ、ケ	""spirit",,,
"306	岐	キ	""forking road; street; scene; quarters; arena",,,
"307	希	キ	Greece",,,
"308	忌	キ、い-む、い-まわしい	""mourning; death anniversary; something detestable""",,,
"309	汽	キ	""vapor",,,
"310	奇	キ	""strangeness",,,
"311	祈	キ、いの-る	""pray; wish""",,,
"312	季	キ	season",,,
"313	紀	キ	""account",,,
"314	軌	キ	""wheel track; railway; orbit; rut; rule; model; road",,,
"315	既	キ、すで-に	""previously; already",,,
"316	記	キ、しる-す	""account",,,
"317	起	キ、お-きる、お-こる、お-こす	""get up",,,
"318	飢	キ、う-える	""be hungry",,,
"319	鬼	キ、おに	""devil",,,
"320	帰	キ、かえ-る、かえ-す	""return; take one's leave; come again; come around (time)""",,,
"321	基	キ、もと、もとい	""radical (in chemistry); counter for lanterns",,,
"322	寄	キ、よ-る、よ-せる	""let approach",,,
"323	規	キ	""standard; measure""",,,
"324	亀	キ、かめ	""turtle",,,
"325	喜	キ、よろこ-ぶ	""rejoice",,,
"326	幾	キ、いく	""how many",,,
"327	揮	キ	""shake",,,
"328	期	キ、[ゴ]	""time",,,
"329	棋	キ	""Japanese chess""",,,
"330	貴	キ、たっと-い、とうと-い、たっと-ぶ、とうと-ぶ	""value",,,
"331	棄	キ	""throw away",,,
"332	毀	キ	""break",,,
"333	旗	キ、はた	""flag",,,
"334	器	キ、うつわ	""container; utensil",,,
"335	畿	キ	""capital; capital suburbs""",,,
"336	輝	キ、かがや-く	""shine",,,
"337	機	キ、はた	""opportunity; occasion",,,
"338	騎	キ	""riding on horses; counter for horsemen""",,,
"339	技	ギ、わざ	""art",,,
"340	宜	ギ	""good",,,
"341	偽	ギ、いつわ-る、にせ	""lie",,,
"342	欺	ギ、あざむ-く	""deceive",,,
"343	義	ギ	""justice",,,
"344	疑	ギ、うたが-う	""doubt; distrust; be suspicious of""",,,
"345	儀	ギ	""rule; ceremony; case",,,
"346	戯	ギ、たわむ-れる	""play",,,
"347	擬	ギ	""aim (a gun) at; nominate for office; imitate",,,
"348	犠	ギ	sacrifice",,,
"349	議	ギ	""consultation",,,
"350	菊	キク	chrysanthemum",,,
"351	吉	キチ、キツ	""good luck; joy",,,
"352	喫	キツ	""eat",,,
"353	詰	キツ、つ-める、つ-まる、つ-む	""be pressed in",,,
"354	却	キャク	""instead",,,
"355	客	キャク、カク	""visitor; guest",,,
"356	脚	キャク、[キャ]、あし	""leg",,,
"357	逆	ギャク、さか、さか-らう	""reverse",,,
"358	虐	ギャク、しいた-げる	""oppress",,,
"359	九	キュウ、ク、ここの、ここの-つ	nine",,,
"360	久	キュウ、[ク]、ひさ-しい	""long",,,
"361	及	キュウ、およ-ぶ、およ-び、およ-ぼす	""exert",,,
"362	弓	キュウ、ゆみ	""bow; violin bow""",,,
"363	丘	キュウ、おか	""hill",,,
"364	旧	キュウ	""old things; old times; old friend; old calendar; former",,,
"365	休	キュウ、やす-む、やす-まる、やす-める	""rest; take a day off; be absent; retire",,,
"366	吸	キュウ、す-う	""inhale; imbibe",,,
"367	朽	キュウ、く-ちる	""decay",,,
"368	臼	キュウ、うす	""mortar",,,
"369	求	キュウ、もと-める	""want",,,
"370	究	キュウ、きわ-める	""investigate thoroly",,,
"371	泣	キュウ、な-く	""cry",,,
"372	急	キュウ、いそ-ぐ	""emergency; suddenness; danger; haste; steep""",,,
"373	級	キュウ	""grade",,,
"374	糾	キュウ	""ask",,,
"375	宮	キュウ、グウ、[ク]、みや	""constellations (of the zodiac); palace""",,,
"376	救	キュウ、すく-う	""save",,,
"377	球	キュウ、たま	""globe",,,
"378	給	キュウ	""wage; gift; wage grade""",,,
"379	嗅	キュウ、か-ぐ	""smell",,,
"380	窮	キュウ、きわ-める、きわ-まる	""be destitute; suffer; be perplexed; be cornered""",,,
"381	牛	ギュウ、うし	""beef",,,
"382	去	キョ、コ、さ-る	""leave",,,
"383	巨	キョ	""big",,,
"384	居	キョ、い-る	residence",,,
"385	拒	キョ、こば-む	""refuse",,,
"386	拠	キョ、コ	""be based on",,,
"387	挙	キョ、あ-げる、あ-がる	""plan",,,
"388	虚	キョ、[コ]	""emptiness; unpreparedness; crack",,,
"389	許	キョ、ゆる-す	""permit",,,
"390	距	キョ	""be distant""",,,
"391	魚	ギョ、うお、さかな	fish",,,
"392	御	ギョ、ゴ、おん	""imperial honorary prefix; honorific prefix""",,,
"393	漁	ギョ、リョウ	""fishing; fishery; catch",,,
"394	凶	キョウ	""evil; bad luck; disaster; bad harvest""",,,
"395	共	キョウ、とも	""both; neither (with neg.); all; and",,,
"396	叫	キョウ、さけ-ぶ	""shout",,,
"397	狂	キョウ、くる-う、くる-おしい	lunatic",,,
"398	京	キョウ、ケイ	""ten quadrillion; captital",,,
"399	享	キョウ	""receive",,,
"400	供	キョウ、[ク]、そな-える、とも	""offer",,,
"401	協	キョウ	cooperation",,,
"402	況	キョウ	""still more",,,
"403	峡	キョウ	""gorge",,,
"404	挟	キョウ、はさ-む、はさ-まる	""put between",,,
"405	狭	キョウ、せま-い、せば-める、せば-まる	""narrow",,,
"406	恐	キョウ、おそ-れる、おそ-ろしい	""fear",,,
"407	恭	キョウ、うやうや-しい	""respectful",,,
"408	胸	キョウ、むね、[むな]	""chest",,,
"409	脅	キョウ、おびや-かす、おど-す、おど-かす	""threaten; coerce""",,,
"410	強	キョウ、ゴウ、つよ-い、つよ-まる、つよ-める、し-いる	""strength",,,
"411	教	キョウ、おし-える、おそ-わる	faith",,,
"412	郷	キョウ、ゴウ	""village",,,
"413	境	キョウ、[ケイ]、さかい	""boundary; region; condition; stage""",,,
"414	橋	キョウ、はし	bridge",,,
"415	矯	キョウ、た-める	""straighten; correct",,,
"416	鏡	キョウ、かがみ	""mirror; speculum; barrelhead; round rice-cake offering""",,,
"417	競	キョウ、ケイ、きそ-う、せ-る	""emulate",,,
"418	響	キョウ、ひび-く	""sound",,,
"419	驚	キョウ、おどろ-く、おどろ-かす	""be surprised; be frightened",,,
"420	仰	ギョウ、[コウ]、あお-ぐ、おお-せ	""look up; look up to; ask for",,,
"421	暁	ギョウ、あかつき	""dawn",,,
"422	業	ギョウ、ゴウ、わざ	""vocation",,,
"423	凝	ギョウ、こ-る、こ-らす	""freeze",,,
"424	曲	キョク、ま-がる、ま-げる	""music",,,
"425	局	キョク	""bureau",,,
"426	極	キョク、ゴク、きわ-める、きわ-まる、きわ-み	""end; highest rank; the poles; (electric) poles""",,,
"427	玉	ギョク、たま	""gem",,,
"428	巾	キン	towel",,,
"429	斤	キン	""1.1/3 pounds",,,
"430	均	キン	""to level",,,
"431	近	キン、ちか-い	""early",,,
"432	金	キン、コン、かね、[かな]	""gold; money; Friday""",,,
"433	菌	キン	""fungus",,,
"434	勤	キン、[ゴン]、つと-める、つと-まる	""be fit for",,,
"435	琴	キン、こと	harp",,,
"436	筋	キン、すじ	""muscle",,,
"437	僅	キン、わず-か	""a little",,,
"438	禁	キン	""prohibition",,,
"439	緊	キン	""hard",,,
"440	錦	キン、にしき	""brocade; fine dress; honors""",,,
"441	謹	キン、つつし-む	""be discreet",,,
"442	襟	キン、えり	""neck",,,
"443	吟	ギン	""singing; recital; song; poem""",,,
"444	銀	ギン	silver",,,
"445	区	ク	""ward",,,
"446	句	ク	""phrase",,,
"447	苦	ク、くる-しい、くる-しむ、くる-しめる、にが-い、にが-る	""suffering",,,
"448	駆	ク、か-ける、か-る	""run",,,
"449	具	グ	""tool; vessel; means; ingredients (in a dish); counter for armor",,,
"450	惧	グ	""fear",,,
"451	愚	グ、おろ-か	""folly",,,
"452	空	クウ、そら、あ-く、あ-ける、から	""air",,,
"453	偶	グウ	""even number; couple",,,
"454	遇	グウ	""treat",,,
"455	隅	グウ、すみ	corner",,,
"456	串	くし	-",,,
"457	屈	クツ	""bend",,,
"458	掘	クツ、ほ-る	""dig",,,
"459	窟	クツ	cavern",,,
"460	熊	くま	-",,,
"461	繰	く-る	-",,,
"462	君	クン、きみ	""mister (familiar)""",,,
"463	訓	クン	""Japanese reading (of a character); explanation of a character; lesson; regulation; rule""",,,
"464	勲	クン	""merit",,,
"465	薫	クン、かお-る	""send forth fragrance",,,
"466	軍	グン	""army",,,
"467	郡	グン	""county",,,
"468	群	グン、む-れる、む-れ、[むら]	""group",,,
"469	兄	ケイ、[キョウ]、あに	""brother; you; elder brother""",,,
"470	刑	ケイ	""penalty",,,
"471	形	ケイ、ギョウ、かた、かたち	shape",,,
"472	系	ケイ	""system; lineage; faction",,,
"473	径	ケイ	""path; diameter; method""",,,
"474	茎	ケイ、くき	""stem",,,
"475	係	ケイ、かか-る、かかり	""duty; person in charge""",,,
"476	型	ケイ、かた	""model",,,
"477	契	ケイ、ちぎ-る	""pledge",,,
"478	計	ケイ、はか-る、はか-らう	""plan",,,
"479	恵	ケイ、エ、めぐ-む	""blessing",,,
"480	啓	ケイ	""open",,,
"481	掲	ケイ、かか-げる	""put up",,,
"482	渓	ケイ	valley",,,
"483	経	ケイ、キョウ、へ-る	""longitude; sutra; warp""",,,
"484	蛍	ケイ、ほたる	firefly",,,
"485	敬	ケイ、うやま-う	""respect",,,
"486	景	ケイ	""view",,,
"487	軽	ケイ、かる-い、かろ-やか	""light; trifling",,,
"488	傾	ケイ、かたむ-く、かたむ-ける	""lean",,,
"489	携	ケイ、たずさ-える、たずさ-わる	""carry (in the hand); be armed with; carry along",,,
"490	継	ケイ、つ-ぐ	""succeed to",,,
"491	詣	ケイ、もう-でる	""visit a temple or shrine""",,,
"492	慶	ケイ	congratulate",,,
"493	憬	ケイ	""long for""",,,
"494	稽	ケイ	""think",,,
"495	憩	ケイ、いこ-い、いこ-う	""rest",,,
"496	警	ケイ	""admonish",,,
"497	鶏	ケイ、にわとり	chicken",,,
"498	芸	ゲイ	""art",,,
"499	迎	ゲイ、むか-える	""meet",,,
"500	鯨	ゲイ、くじら	whale",,,
"501	隙	ゲキ、すき	""crevice",,,
"502	劇	ゲキ	""drama",,,
"503	撃	ゲキ、う-つ	""attack",,,
"504	激	ゲキ、はげ-しい	""get excited",,,
"505	桁	けた	-",,,
"506	欠	ケツ、か-ける、か-く	""lack",,,
"507	穴	ケツ、あな	""hole",,,
"508	血	ケツ、ち	blood",,,
"509	決	ケツ、き-める、き-まる	""decision",,,
"510	結	ケツ、むす-ぶ、ゆ-う、ゆ-わえる	""tie",,,
"511	傑	ケツ	excellent",,,
"512	潔	ケツ、いさぎよ-い	""pure",,,
"513	月	ゲツ、ガツ、つき	""moon; month; Monday; month (of the year)""",,,
"514	犬	ケン、いぬ	dog",,,
"515	件	ケン	""matter",,,
"516	見	ケン、み-る、み-える、み-せる	""hopes",,,
"517	券	ケン	""ticket",,,
"518	肩	ケン、かた	shoulder",,,
"519	建	ケン、[コン]、た-てる、た-つ	""build",,,
"520	研	ケン、と-ぐ	""sharpen",,,
"521	県	ケン	""prefecture; district (in China)""",,,
"522	倹	ケン	economy",,,
"523	兼	ケン、か-ねる	""and",,,
"524	剣	ケン、つるぎ	""sword",,,
"525	拳	ケン、こぶし	fist",,,
"526	軒	ケン、のき	""house counter""",,,
"527	健	ケン、すこ-やか	""health",,,
"528	険	ケン、けわ-しい	""inaccessible place",,,
"529	圏	ケン	""sphere",,,
"530	堅	ケン、かた-い	""hard",,,
"531	検	ケン	investigation",,,
"532	嫌	ケン、[ゲン]、きら-う、いや	""dislike",,,
"533	献	ケン、[コン]	""counter for drinks""",,,
"534	絹	ケン、きぬ	""silk",,,
"535	遣	ケン、つか-う、つか-わす	""send",,,
"536	権	ケン、[ゴン]	""authority",,,
"537	憲	ケン	law",,,
"538	賢	ケン、かしこ-い	""wisdom",,,
"539	謙	ケン	""humble oneself",,,
"540	鍵	ケン、かぎ	(piano)key",,,
"541	繭	ケン、まゆ	cocoon",,,
"542	顕	ケン	""appear",,,
"543	験	ケン、[ゲン]	""effect; testing. beneficial effect (of austerities)""",,,
"544	懸	ケン、[ケ]、か-ける、か-かる	""hang; set up (a ladder); cover; construct",,,
"545	元	ゲン、ガン、もと	""yuan; origin; New Year’s Day; first year of an era. Gen Mongol (dynasty)""",,,
"546	幻	ゲン、まぼろし	""vision",,,
"547	玄	ゲン	""occultness",,,
"548	言	ゲン、ゴン、い-う、こと	""word; phrase; speech; statement""",,,
"549	弦	ゲン、つる	""bowstring; chord (in geometry); hypotenuse; crescent (moon); bowstring; string (of an instrument)""",,,
"550	限	ゲン、かぎ-る	""limit",,,
"551	原	ゲン、はら	""original",,,
"552	現	ゲン、あらわ-れる、あらわ-す	""present",,,
"553	舷	ゲン	gunwale",,,
"554	減	ゲン、へ-る、へ-らす	""decrease",,,
"555	源	ゲン、みなもと	""source",,,
"556	厳	ゲン、[ゴン]、おごそ-か、きび-しい	""strictness",,,
"557	己	コ、キ、おのれ	sixth",,,
"558	戸	コ、と	""house; door; family; counter for houses""",,,
"559	古	コ、ふる-い、ふる-す	old",,,
"560	呼	コ、よ-ぶ	""call",,,
"561	固	コ、かた-める、かた-まる、かた-い	""harden",,,
"562	股	コ、また	""thigh",,,
"563	虎	コ、とら	""tiger",,,
"564	孤	コ	orphan",,,
"565	弧	コ	""arc; arch; bow""",,,
"566	故	コ、ゆえ	""reason",,,
"567	枯	コ、か-れる、か-らす	""wither",,,
"568	個	コ	""individual; article counter""",,,
"569	庫	コ、[ク]	storehouse",,,
"570	湖	コ、みずうみ	lake",,,
"571	雇	コ、やと-う	""employ",,,
"572	誇	コ、ほこ-る	""boast of",,,
"573	鼓	コ、つづみ	drum",,,
"574	錮	コ	""to tie""",,,
"575	顧	コ、かえり-みる	""look back; turn around",,,
"576	五	ゴ、いつ、いつ-つ	five",,,
"577	互	ゴ、たが-い	""mutually",,,
"578	午	ゴ	""11 a.m.-1 p.m.; 7th zodiac sign""",,,
"579	呉	ゴ	""give; do (something) for""",,,
"580	後	ゴ、コウ、のち、うし-ろ、あと、おく-れる	""back",,,
"581	娯	ゴ	pleasure",,,
"582	悟	ゴ、さと-る	""perceive",,,
"583	碁	ゴ	""Japanese checkers""",,,
"584	語	ゴ、かた-る、かた-らう	""word",,,
"585	誤	ゴ、あやま-る	""err",,,
"586	護	ゴ	""defend",,,
"587	口	コウ、ク、くち	mouth",,,
"588	工	コウ、ク	""artisan",,,
"589	公	コウ、おおやけ	""public",,,
"590	勾	コウ	""to bent""",,,
"591	孔	コウ	""hole",,,
"592	功	コウ、[ク]	""merits",,,
"593	巧	コウ、たく-み	skilled",,,
"594	広	コウ、ひろ-い、ひろ-まる、ひろ-める、ひろ-がる、ひろ-げる	""spread out",,,
"595	甲	コウ、カン	""high (voice). first class； former； back (of the hand); instep; armor; shell",,,
"596	交	コウ、まじ-わる、まじ-える、ま-じる、ま-ざる、ま-ぜる、か-う、か-わす	""coming and going",,,
"597	光	コウ、ひか-る、ひかり	light",,,
"598	向	コウ、む-く、む-ける、む-かう、む-こう	""face",,,
"599	后	コウ	""after; behind; back; later""",,,
"600	好	コウ、この-む、す-く	""like",,,
"601	江	コウ、え	""inlet",,,
"602	考	コウ、かんが-える	""thought",,,
"603	行	コウ、ギョウ、[アン]、い-く、ゆ-く、おこな-う	""party",,,
"604	坑	コウ	""pit",,,
"605	孝	コウ	""filial piety""",,,
"606	抗	コウ	""resist",,,
"607	攻	コウ、せ-める	""attack",,,
"608	更	コウ、さら、ふ-ける、ふ-かす	""a watch of the night""",,,
"609	効	コウ、き-く	""efficacy",,,
"610	幸	コウ、さいわ-い、さち、しあわ-せ	""happiness",,,
"611	拘	コウ	""seize",,,
"612	肯	コウ	""agree to",,,
"613	侯	コウ	""marquis; load",,,
"614	厚	コウ、あつ-い	""very thick; heavy""",,,
"615	恒	コウ	always",,,
"616	洪	コウ	""flood",,,
"617	皇	コウ、オウ	emperor",,,
"618	紅	コウ、[ク]、べに、くれない	""red",,,
"619	荒	コウ、あら-い、あ-れる、あ-らす	""rough",,,
"620	郊	コウ	""suburbs; rural area""",,,
"621	香	コウ、[キョウ]、か、かお-り、かお-る	""incense",,,
"622	候	コウ、そうろう	""season",,,
"623	校	コウ	""school; (printing) proof; comparison; correction; investigation""",,,
"624	耕	コウ、たがや-す	""plow",,,
"625	航	コウ	""navigation; cross over""",,,
"626	貢	コウ、[ク]、みつ-ぐ	tribute",,,
"627	降	コウ、お-りる、お-ろす、ふ-る	""going down; surrender""",,,
"628	高	コウ、たか-い、たか、たか-まる、たか-める	high",,,
"629	康	コウ	peace",,,
"630	控	コウ、ひか-える	""draw in; hold back",,,
"631	梗	コウ	""for the most part; close up""",,,
"632	黄	コウ、オウ、き、[こ]	yellow",,,
"633	喉	コウ、のど	""throat",,,
"634	慌	コウ、あわ-てる、あわ-ただしい	""be confused",,,
"635	港	コウ、みなと	""port",,,
"636	硬	コウ、かた-い	""hard",,,
"637	絞	コウ、しぼ-る、し-める、し-まる	""strangle",,,
"638	項	コウ	""clause",,,
"639	溝	コウ、みぞ	""ditch",,,
"640	鉱	コウ	ore",,,
"641	構	コウ、かま-える、かま-う	""build; keep house; take a posture; assume an attitude; pose as; be ready for; feign",,,
"642	綱	コウ、つな	""class (in zoology)""",,,
"643	酵	コウ	fermentation",,,
"644	稿	コウ	""copy",,,
"645	興	コウ、キョウ、おこ-る、おこ-す	""interest",,,
"646	衡	コウ	""measuring rod; scales""",,,
"647	鋼	コウ、はがね	steel",,,
"648	講	コウ	""lecture",,,
"649	購	コウ	buy",,,
"650	乞	こ-う	-",,,
"651	号	ゴウ	""number; item",,,
"652	合	ゴウ、ガッ、[カッ]、あ-う、あ-わす、あ-わせる	one-tenth",,,
"653	拷	ゴウ	""beat",,,
"654	剛	ゴウ	strength",,,
"655	傲	ゴウ	""be proud""",,,
"656	豪	ゴウ	""great",,,
"657	克	コク	""win; prevail",,,
"658	告	コク、つ-げる	""tell",,,
"659	谷	コク、たに	""valley",,,
"660	刻	コク、きざ-む	""time; carving",,,
"661	国	コク、くに	country",,,
"662	黒	コク、くろ、くろ-い	""black; dark""",,,
"663	穀	コク	""cereals",,,
"664	酷	コク	""severity",,,
"665	獄	ゴク	""prison",,,
"666	骨	コツ、ほね	""bone; remains; knack""",,,
"667	駒	こま	-",,,
"668	込	こ-む、こ-める	-",,,
"669	頃	ころ	-",,,
"670	今	コン、キン、いま	""now",,,
"671	困	コン、こま-る	""be distressed be in trouble",,,
"672	昆	コン	""descendants",,,
"673	恨	コン、うら-む、うら-めしい	""bear a grudge",,,
"674	根	コン、ね	""root (of a plant); root",,,
"675	婚	コン	marriage",,,
"676	混	コン、ま-じる、ま-ざる、ま-ぜる、こ-む	""mix; blend; adulterate; confound",,,
"677	痕	コン、あと	""mark; footprint""",,,
"678	紺	コン	""dark blue",,,
"679	魂	コン、たましい	""soul",,,
"680	墾	コン	""open up farmland""",,,
"681	懇	コン、ねんご-ろ	""kind",,,
"682	左	サ、ひだり	""left; the following""",,,
"683	佐	サ	help",,,
"684	沙	サ	sand",,,
"685	査	サ	investigate",,,
"686	砂	サ、シャ、すな	sand",,,
"687	唆	サ、そそのか-す	""tempt",,,
"688	差	サ、さ-す	""difference",,,
"689	詐	サ	""lie",,,
"690	鎖	サ、くさり	""chain; irons; connection""",,,
"691	座	ザ、すわ-る	""seat",,,
"692	挫	ザ	""crush",,,
"693	才	サイ	""ability",,,
"694	再	サイ、[サ]、ふたた-び	""again",,,
"695	災	サイ、わざわ-い	""calamity",,,
"696	妻	サイ、つま	""(my) wife""",,,
"697	采	サイ	""dice; form",,,
"698	砕	サイ、くだ-く、くだ-ける	""break",,,
"699	宰	サイ	""manager; rule""",,,
"700	栽	サイ	planting",,,
"701	彩	サイ、いろど-る	""color",,,
"702	採	サイ、と-る	""take",,,
"703	済	サイ、す-む、す-ます	""end; do without; avoid; be excusable; need not""",,,
"704	祭	サイ、まつ-る、まつ-り	""offer prayers; celebrate; deify; enshrine; worship""",,,
"705	斎	サイ	""Buddhist food; room""",,,
"706	細	サイ、ほそ-い、ほそ-る、こま-か、こま-かい	""get thin; taper off""",,,
"707	菜	サイ、な	""side dish; greens; vegetables""",,,
"708	最	サイ、もっと-も	most",,,
"709	裁	サイ、た-つ、さば-く	judge",,,
"710	債	サイ	""debt",,,
"711	催	サイ、もよお-す	""hold (a meeting); give (a dinner); feel; show signs of",,,
"712	塞	サイ、ソク、ふさ-ぐ、ふさ-がる	""close",,,
"713	歳	サイ、[セイ]	""year",,,
"714	載	サイ、の-せる、の-る	""ride",,,
"715	際	サイ、きわ	""time",,,
"716	埼	[さい]	-",,,
"717	在	ザイ、あ-る	""outskirts",,,
"718	材	ザイ	""log; timber",,,
"719	剤	ザイ	""medicine",,,
"720	財	ザイ、[サイ]	""money",,,
"721	罪	ザイ、つみ	""sin",,,
"722	崎	さき	-",,,
"723	作	サク、サ、つく-る	""a work",,,
"724	削	サク、けず-る	""plane",,,
"725	昨	サク	""the past; yesterday",,,
"726	柵	サク	""stockade",,,
"727	索	サク	""rope",,,
"728	策	サク	""plan",,,
"729	酢	サク、す	vinegar",,,
"730	搾	サク、しぼ-る	""wring",,,
"731	錯	サク	""mix",,,
"732	咲	さ-く	-",,,
"733	冊	サツ、サク	""volume",,,
"734	札	サツ、ふだ	""paper money",,,
"735	刷	サツ、す-る	print",,,
"736	刹	サツ、セツ	temple",,,
"737	拶	サツ	""be imminent""",,,
"738	殺	サツ、[サイ]、[セツ]、ころ-す	""kill",,,
"739	察	サツ	""presume",,,
"740	撮	サツ、と-る	""pick",,,
"741	擦	サツ、す-る、す-れる	""rub",,,
"742	雑	ザツ、ゾウ	""miscellany; miscellaneous""",,,
"743	皿	さら	-",,,
"744	三	サン、み、み-つ、みっ-つ	three",,,
"745	山	サン、やま	""mount",,,
"746	参	サン、まい-る	""three; going; coming; visiting""",,,
"747	桟	サン	""crosspiece",,,
"748	蚕	サン、かいこ	""silk worm""",,,
"749	惨	サン、ザン、みじ-め	""disaster; cruelty; wretchedness""",,,
"750	産	サン、う-む、う-まれる、うぶ	""childbirth; product; native (of a place); fortune",,,
"751	傘	サン、かさ	""umbrella",,,
"752	散	サン、ち-る、ち-らす、ち-らかす、ち-らかる	""scatter",,,
"753	算	サン	""divining (block); calculation; number; abacus; plan; probability""",,,
"754	酸	サン、す-い	""acid; bitterness""",,,
"755	賛	サン	""praise; title or brief inscription on picture; agreement""",,,
"756	残	ザン、のこ-る、のこ-す	""remainder; balance""",,,
"757	斬	ザン、き-る	beheading",,,
"758	暫	ザン	""for a while",,,
"759	士	シ	""samurai; man",,,
"760	子	シ、ス、こ	""viscount",,,
"761	支	シ、ささ-える	branch",,,
"762	止	シ、と-まる、と-める	""stop",,,
"763	氏	シ、うじ	""Mr.; family",,,
"764	仕	シ、[ジ]、つか-える	""official; civil service""",,,
"765	史	シ	""history",,,
"766	司	シ	""official; government office""",,,
"767	四	シ、よ、よ-つ、よっ-つ、よん	four",,,
"768	市	シ、いち	""city",,,
"769	矢	シ、や	arrow",,,
"770	旨	シ、むね	""relish",,,
"771	死	シ、し-ぬ	death",,,
"772	糸	シ、いと	""thread; one ten-thousandth of a hair""",,,
"773	至	シ、いた-る	""go",,,
"774	伺	シ、うかが-う	""visit; ask",,,
"775	志	シ、こころざ-す、こころざし	""record; shilling; will",,,
"776	私	シ、わたくし、わたし	""I; private affairs""",,,
"777	使	シ、つか-う	""use; messenger""",,,
"778	刺	シ、さ-す、さ-さる	""calling card""",,,
"779	始	シ、はじ-める、はじ-まる	beginning",,,
"780	姉	シ、あね	""elder sister""",,,
"781	枝	シ、えだ	""branch",,,
"782	祉	シ	happiness",,,
"783	肢	シ	""limbs",,,
"784	姿	シ、すがた	""figure",,,
"785	思	シ、おも-う	""think",,,
"786	指	シ、ゆび、さ-す	finger",,,
"787	施	シ、セ、ほどこ-す	""give alms; conduct (educational work); carry out; administer (first aid); apply (bandages); perform (an operation)""",,,
"788	師	シ	""teacher",,,
"789	恣	シ	""self-indulgent",,,
"790	紙	シ、かみ	paper",,,
"791	脂	シ、あぶら	""fat",,,
"792	視	シ	""regard as""",,,
"793	紫	シ、むらさき	""purple",,,
"794	詞	シ	""words; poetry""",,,
"795	歯	シ、は	""tooth; age""",,,
"796	嗣	シ	heir",,,
"797	試	シ、こころ-みる、ため-す	testing",,,
"798	詩	シ	""poem",,,
"799	資	シ	""resources",,,
"800	飼	シ、か-う	""raising (animals)""",,,
"801	誌	シ	""records; document; magazine""",,,
"802	雌	シ、め、めす	female",,,
"803	摯	シ	""gift",,,
"804	賜	シ、たまわ-る	""deign to",,,
"805	諮	シ、はか-る	""consult with""",,,
"806	示	ジ、シ、しめ-す	indication",,,
"807	字	ジ、あざ	""character",,,
"808	寺	ジ、てら	temple",,,
"809	次	ジ、シ、つ-ぐ、つぎ	""order",,,
"810	耳	ジ、みみ	ear",,,
"811	自	ジ、シ、みずか-ら	oneself",,,
"812	似	ジ、に-る	resemble",,,
"813	児	ジ、[ニ]	child",,,
"814	事	ジ、[ズ]、こと	""thing",,,
"815	侍	ジ、さむらい	""wait upon",,,
"816	治	ジ、チ、おさ-める、おさ-まる、なお-る、なお-す	""peace; government. cure",,,
"817	持	ジ、も-つ	""hold",,,
"818	時	ジ、とき	""hour",,,
"819	滋	ジ	""more and more; be luxuriant; planting; turbidity""",,,
"820	慈	ジ、いつく-しむ	""love",,,
"821	辞	ジ、や-める	""word",,,
"822	磁	ジ	""magnetism; porcelain""",,,
"823	餌	ジ、えさ、え	food",,,
"824	璽	ジ	""emperor's seal""",,,
"825	鹿	しか、[か]	-",,,
"826	式	シキ	""ceremony",,,
"827	識	シキ	""know",,,
"828	軸	ジク	""axis; axle; spindle; shaft; pivot; stem",,,
"829	七	シチ、なな、なな-つ、[なの]	seven",,,
"830	叱	シツ、しか-る	""scold",,,
"831	失	シツ、うしな-う	""error; fault; disadvantage; loss; demerit""",,,
"832	室	シツ、むろ	""room",,,
"833	疾	シツ	""illness",,,
"834	執	シツ、シュウ、と-る	""take",,,
"835	湿	シツ、しめ-る、しめ-す	""dampness",,,
"836	嫉	シツ	""be jealous",,,
"837	漆	シツ、うるし	""lacquer",,,
"838	質	シツ、シチ、[チ]	""substance",,,
"839	実	ジツ、み、みの-る	""truth",,,
"840	芝	しば	-",,,
"841	写	シャ、うつ-す、うつ-る	""be photographed; be projected (on a screen); (light or shadows) fall on""",,,
"842	社	シャ、やしろ	""Shinto shrine; association; firm",,,
"843	車	シャ、くるま	""vehicle",,,
"844	舎	シャ	""inn; hut",,,
"845	者	シャ、もの	""person; thing""",,,
"846	射	シャ、い-る	""archery; shooting""",,,
"847	捨	シャ、す-てる	""throw away",,,
"848	赦	シャ	forgiveness",,,
"849	斜	シャ、なな-め	""slanting",,,
"850	煮	シャ、に-る、に-える、に-やす	""boil",,,
"851	遮	シャ、さえぎ-る	""interrupt",,,
"852	謝	シャ、あやま-る	""thank; apologize; decline",,,
"853	邪	ジャ	""injustice",,,
"854	蛇	ジャ、ダ、へび	""snake",,,
"855	尺	シャク	""Japanese foot; rule; measure",,,
"856	借	シャク、か-りる	borrowing",,,
"857	酌	シャク、く-む	""serving sake; the server""",,,
"858	釈	シャク	explanation",,,
"859	爵	シャク	""peerage",,,
"860	若	ジャク、[ニャク]、わか-い、も-しくは	if",,,
"861	弱	ジャク、よわ-い、よわ-る、よわ-まる、よわ-める	""weakness; the weak""",,,
"862	寂	ジャク、[セキ]、さび、さび-しい、さび-れる	""quietly; death of a priest""",,,
"863	手	シュ、て、[た]	""hand",,,
"864	主	シュ、[ス]、ぬし、おも	""Lord; lord",,,
"865	守	シュ、[ス]、まも-る、も-り	""defend",,,
"866	朱	シュ	""cinnabar; vermilion""",,,
"867	取	シュ、と-る	""take",,,
"868	狩	シュ、か-る、か-り	hunt",,,
"869	首	シュ、くび	""head; neck; beginning",,,
"870	殊	シュ、こと	""especially",,,
"871	珠	シュ	""gem",,,
"872	酒	シュ、さけ、[さか]	""sake",,,
"873	腫	シュ、は-れる、は-らす	""tumor",,,
"874	種	シュ、たね	""kind",,,
"875	趣	シュ、おもむき	""proceed to; become; tend toward""",,,
"876	寿	ジュ、ことぶき	""age; one's natural life; longevity; congratulations""",,,
"877	受	ジュ、う-ける、う-かる	receive",,,
"878	呪	ジュ、のろ-う	""spell",,,
"879	授	ジュ、さず-ける、さず-かる	""give",,,
"880	需	ジュ	""request",,,
"881	儒	ジュ	""Confucianism; Confucianist; Chinese scholar""",,,
"882	樹	ジュ	""tree",,,
"883	収	シュウ、おさ-める、おさ-まる	income",,,
"884	囚	シュウ	""criminal",,,
"885	州	シュウ、す	""province",,,
"886	舟	シュウ、ふね、[ふな]	boat",,,
"887	秀	シュウ、ひい-でる	""excellence; beauty""",,,
"888	周	シュウ、まわ-り	""circuit",,,
"889	宗	シュウ、ソウ	""religion",,,
"890	拾	シュウ、ジュウ、ひろ-う	ten",,,
"891	秋	シュウ、あき	autumn",,,
"892	臭	シュウ、くさ-い、にお-う	""odor",,,
"893	修	シュウ、[シュ]、おさ-める、おさ-まる	""govern oneself",,,
"894	袖	シュウ、そで	""sleeve",,,
"895	終	シュウ、お-わる、お-える	end",,,
"896	羞	シュウ	""feel ashamed""",,,
"897	習	シュウ、なら-う	""learn",,,
"898	週	シュウ	week",,,
"899	就	シュウ、[ジュ]、つ-く、つ-ける	""settle in (place); take (a seat); take (a position); depart; study (under a teacher)""",,,
"900	衆	シュウ、[シュ]	""great numbers",,,
"901	集	シュウ、あつ-まる、あつ-める、つど-う	""collection",,,
"902	愁	シュウ、うれ-える、うれ-い	""grieve",,,
"903	酬	シュウ	""reward",,,
"904	醜	シュウ、みにく-い	""ugliness; uncleanness; shame""",,,
"905	蹴	シュウ、け-る	kick",,,
"906	襲	シュウ、おそ-う	attack",,,
"907	十	ジュウ、ジッ、とお、と	ten",,,
"908	汁	ジュウ、しる	juice",,,
"909	充	ジュウ、あ-てる	fill",,,
"910	住	ジュウ、す-む、す-まう	""dwelling",,,
"911	柔	ジュウ、ニュウ、やわ-らか、やわ-らかい	""weakness; gentleness; softness""",,,
"912	重	ジュウ、チョウ、え、おも-い、かさ-ねる、かさ-なる	""nest of boxes""",,,
"913	従	ジュウ、[ショウ]、[ジュ]、したが-う、したが-える	""secondary",,,
"914	渋	ジュウ、しぶ、しぶ-い、しぶ-る	""hesitate",,,
"915	銃	ジュウ	""gun",,,
"916	獣	ジュウ、けもの	""animal",,,
"917	縦	ジュウ、たて	""length",,,
"918	叔	シュク	""uncle; youth""",,,
"919	祝	シュク、[シュウ]、いわ-う	""celebration",,,
"920	宿	シュク、やど、やど-る、やど-す	""lodging",,,
"921	淑	シュク	""graceful",,,
"922	粛	シュク	""quietly",,,
"923	縮	シュク、ちぢ-む、ちぢ-まる、ちぢ-める、ちぢ-れる、ちぢ-らす	""shrink",,,
"924	塾	ジュク	""private school; boarding school; gate house""",,,
"925	熟	ジュク、う-れる	""ripen",,,
"926	出	シュツ、[スイ]、で-る、だ-す	""born of; appearing from; going out; sending out""",,,
"927	述	ジュツ、の-べる	""state",,,
"928	術	ジュツ	""art",,,
"929	俊	シュン	""excellence",,,
"930	春	シュン、はる	spring",,,
"931	瞬	シュン、またた-く	""wink",,,
"932	旬	ジュン、[シュン]	""ten-day period. season (for specific products)""",,,
"933	巡	ジュン、めぐ-る	""going around; circumference""",,,
"934	盾	ジュン、たて	""shield",,,
"935	准	ジュン	""quasi-",,,
"936	殉	ジュン	""die a martyr",,,
"937	純	ジュン	""purity",,,
"938	循	ジュン	follow",,,
"939	順	ジュン	""order; turn; right; docility",,,
"940	準	ジュン	""apply correspondingly",,,
"941	潤	ジュン、うるお-う、うるお-す、うる-む	""be watered; profit by",,,
"942	遵	ジュン	""follow",,,
"943	処	ショ	""manage",,,
"944	初	ショ、はじ-め、はじ-めて、はつ、うい、そ-める	""beginning",,,
"945	所	ショ、ところ	place",,,
"946	書	ショ、か-く	""handwriting; letter",,,
"947	庶	ショ	""all; illegitimate child""",,,
"948	暑	ショ、あつ-い	""summer heat""",,,
"949	署	ショ	""government office",,,
"950	緒	ショ、[チョ]、お	""beginning",,,
"951	諸	ショ	""many",,,
"952	女	ジョ、ニョ、[ニョウ]、おんな、め	""woman",,,
"953	如	ジョ、ニョ	""like",,,
"954	助	ジョ、たす-ける、たす-かる、すけ	""help",,,
"955	序	ジョ	""beginning; preface; order",,,
"956	叙	ジョ	""relate",,,
"957	徐	ジョ	""slowly",,,
"958	除	ジョ、[ジ]、のぞ-く	""division (in math)""",,,
"959	小	ショウ、ちい-さい、こ、お	""smallness; minor; small. humility prefix",,,
"960	升	ショウ、ます	""1.8 liter""",,,
"961	少	ショウ、すく-ない、すこ-し	""few; small; young""",,,
"962	召	ショウ、め-す	""call",,,
"963	匠	ショウ	""workman",,,
"964	床	ショウ、とこ、ゆか	""bed",,,
"965	抄	ショウ	""selection",,,
"966	肖	ショウ	resemble",,,
"967	尚	ショウ	""further",,,
"968	招	ショウ、まね-く	""beckon to",,,
"969	承	ショウ、うけたまわ-る	""receive",,,
"970	昇	ショウ、のぼ-る	""rise",,,
"971	松	ショウ、まつ	pine",,,
"972	沼	ショウ、ぬま	""swamp",,,
"973	昭	ショウ	""clear",,,
"974	宵	ショウ、よい	""evening",,,
"975	将	ショウ	""commander",,,
"976	消	ショウ、き-える、け-す	""extinguish",,,
"977	症	ショウ	""illness; condition of a patient; nature of a disease",,,
"978	祥	ショウ	happiness",,,
"979	称	ショウ	""name",,,
"980	笑	ショウ、わら-う、え-む	laughter",,,
"981	唱	ショウ、とな-える	""recite",,,
"982	商	ショウ、あきな-う	""trade",,,
"983	渉	ショウ	""cross",,,
"984	章	ショウ	""chapter; composition; poem; badge",,,
"985	紹	ショウ	""inherit",,,
"986	訟	ショウ	accuse",,,
"987	勝	ショウ、か-つ、まさ-る	""victory",,,
"988	掌	ショウ	""rule",,,
"989	晶	ショウ	""clear",,,
"990	焼	ショウ、や-く、や-ける	burning",,,
"991	焦	ショウ、こ-げる、こ-がす、こ-がれる、あせ-る	""burn",,,
"992	硝	ショウ	saltpeter",,,
"993	粧	ショウ	""adorn (one's person)""",,,
"994	詔	ショウ、みことのり	""imperial edict""",,,
"995	証	ショウ	""proof",,,
"996	象	ショウ、ゾウ	""image; shape; sign (of the times). elephant""",,,
"997	傷	ショウ、きず、いた-む、いた-める	""wound",,,
"998	奨	ショウ	""urge",,,
"999	照	ショウ、て-る、て-らす、て-れる	shine",,,
"1000	詳	ショウ、くわ-しい	""full",,,
"1001	彰	ショウ	clear",,,
"1002	障	ショウ、さわ-る	""hinder",,,
"1003	憧	ショウ、あこが-れる	""yearn after",,,
"1004	衝	ショウ	""brunt; opposition (in astronomy); highway; collision; important point""",,,
"1005	賞	ショウ	""prize",,,
"1006	償	ショウ、つぐな-う	""make up for",,,
"1007	礁	ショウ	""sunken rock""",,,
"1008	鐘	ショウ、かね	""bell",,,
"1009	上	ジョウ、[ショウ]、うえ、[うわ]、かみ、あ-げる、あ-がる、のぼ-る、のぼ-せる、のぼ-す	""top; best; first volume. upper part; government. aboard a ship or vehicle; from the standpoint of; as a matter of (fact). governmental; imperial; best; high class; going up; presenting; showing""",,,
"1010	丈	ジョウ、たけ	""10 feet; length",,,
"1011	冗	ジョウ	uselessness",,,
"1012	条	ジョウ	""article",,,
"1013	状	ジョウ	""condition",,,
"1014	乗	ジョウ、の-る、の-せる	""power (in math); multiplication; record; vehicle; vehicle counter""",,,
"1015	城	ジョウ、しろ	castle",,,
"1016	浄	ジョウ	""clean",,,
"1017	剰	ジョウ	besides",,,
"1018	常	ジョウ、つね、とこ	""normal conditions",,,
"1019	情	ジョウ、[セイ]、なさ-け	""feeling",,,
"1020	場	ジョウ、ば	""place",,,
"1021	畳	ジョウ、たた-む、たたみ	""mat counter""",,,
"1022	蒸	ジョウ、む-す、む-れる、む-らす	""steam",,,
"1023	縄	ジョウ、なわ	""rope",,,
"1024	壌	ジョウ	""earth",,,
"1025	嬢	ジョウ	""girl",,,
"1026	錠	ジョウ	""lock",,,
"1027	譲	ジョウ、ゆず-る	""turn over",,,
"1028	醸	ジョウ、かも-す	""brew",,,
"1029	色	ショク、シキ、いろ	color",,,
"1030	拭	ショク、ふ-く、ぬぐ-う	""wipe",,,
"1031	食	ショク、[ジキ]、く-う、く-らう、た-べる	""food",,,
"1032	植	ショク、う-える、う-わる	planting",,,
"1033	殖	ショク、ふ-える、ふ-やす	increase",,,
"1034	飾	ショク、かざ-る	""ornament",,,
"1035	触	ショク、ふ-れる、さわ-る	touching",,,
"1036	嘱	ショク	requesting",,,
"1037	織	ショク、シキ、お-る	weaveing",,,
"1038	職	ショク	""employment",,,
"1039	辱	ジョク、はずかし-める	""humiliate",,,
"1040	尻	しり	-",,,
"1041	心	シン、こころ	""heart",,,
"1042	申	シン、もう-す	""have the honor to; say",,,
"1043	伸	シン、の-びる、の-ばす、の-べる	stretching",,,
"1044	臣	シン、ジン	""retainer",,,
"1045	芯	シン	wick",,,
"1046	身	シン、み	""body; person; the quick; one's station in life; self; heart",,,
"1047	辛	シン、から-い	""H",,,
"1048	侵	シン、おか-す	""invate",,,
"1049	信	シン	""truth; faith",,,
"1050	津	シン、つ	""port",,,
"1051	神	シン、ジン、かみ、[かん]、[こう]	""god",,,
"1052	唇	シン、くちびる	lip",,,
"1053	娠	シン	pregnancy",,,
"1054	振	シン、ふ-る、ふ-るう、ふ-れる	""wave",,,
"1055	浸	シン、ひた-す、ひた-る	""soak",,,
"1056	真	シン、ま	""truth; reality; genuineness; Buddhist sect originating in the thirteenth century""",,,
"1057	針	シン、はり	needle",,,
"1058	深	シン、ふか-い、ふか-まる、ふか-める	deep",,,
"1059	紳	シン	""good belt; gentleman""",,,
"1060	進	シン、すす-む、すす-める	advancing",,,
"1061	森	シン、もり	""woods",,,
"1062	診	シン、み-る	""seeing; diagnosing""",,,
"1063	寝	シン、ね-る、ね-かす	""sleeping; resting; bed""",,,
"1064	慎	シン、つつし-む	""be discreet",,,
"1065	新	シン、あたら-しい、あら-た、にい	""newness",,,
"1066	審	シン	""hearing",,,
"1067	震	シン、ふる-う、ふる-える	""shake",,,
"1068	薪	シン、たきぎ	firewood",,,
"1069	親	シン、おや、した-しい、した-しむ	""intimacy; parents; relative""",,,
"1070	人	ジン、ニン、ひと	""man",,,
"1071	刃	ジン、は	""blade",,,
"1072	仁	ジン、[ニ]	""virtue",,,
"1073	尽	ジン、つ-くす、つ-きる、つ-かす	""use up",,,
"1074	迅	ジン	fast",,,
"1075	甚	ジン、はなは-だ、はなは-だしい	exceedingly",,,
"1076	陣	ジン	""battle array",,,
"1077	尋	ジン、たず-ねる	fathom",,,
"1078	腎	ジン	kidney",,,
"1079	須	ス	""by all means",,,
"1080	図	ズ、ト、はか-る	""drawing",,,
"1081	水	スイ、みず	""water; ice water; Wednesday""",,,
"1082	吹	スイ、ふ-く	""breathe",,,
"1083	垂	スイ、た-れる、た-らす	""suspend",,,
"1084	炊	スイ、た-く	""cook",,,
"1085	帥	スイ	""leading (troops)""",,,
"1086	粋	スイ、いき	""purity",,,
"1087	衰	スイ、おとろ-える	""decline",,,
"1088	推	スイ、お-す	conjecture",,,
"1089	酔	スイ、よ-う	""get drunk; feel sick; be poisoned; be elated",,,
"1090	遂	スイ、と-げる	""accomplish",,,
"1091	睡	スイ	""sleep",,,
"1092	穂	スイ、ほ	""ear",,,
"1093	随	ズイ	""at the mercy of (the waves)""",,,
"1094	髄	ズイ	""marrow",,,
"1095	枢	スウ	""pivot; door""",,,
"1096	崇	スウ	high",,,
"1097	数	スウ、[ス]、かず、かぞ-える	""strength; fate; law; numbers",,,
"1098	据	す-える、す-わる	-",,,
"1099	杉	すぎ	-",,,
"1100	裾	すそ	-",,,
"1101	寸	スン	""one-tenth of a foot; measure""",,,
"1102	瀬	せ	-",,,
"1103	是	ゼ	""right",,,
"1104	井	セイ、[ショウ]、い	well",,,
"1105	世	セイ、セ、よ	""generation; world. age",,,
"1106	正	セイ、ショウ、ただ-しい、ただ-す、まさ	""right",,,
"1107	生	セイ、ショウ、い-きる、い-かす、い-ける、う-まれる、う-む、お-う、は-える、は-やす、き、なま	""birth; life",,,
"1108	成	セイ、[ジョウ]、な-る、な-す	""become",,,
"1109	西	セイ、サイ、にし	west",,,
"1110	声	セイ、[ショウ]、こえ、[こわ]	""voice; tone; alarm",,,
"1111	制	セイ	""system",,,
"1112	姓	セイ、ショウ	""surname",,,
"1113	征	セイ	""attack the rebellious; collect taxes""",,,
"1114	性	セイ、ショウ	""sex",,,
"1115	青	セイ、[ショウ]、あお、あお-い	""blue",,,
"1116	斉	セイ	""equal",,,
"1117	政	セイ、[ショウ]、まつりごと	""government",,,
"1118	星	セイ、[ショウ]、ほし	star",,,
"1119	牲	セイ	""sacrifice",,,
"1120	省	セイ、ショウ、かえり-みる、はぶ-く	""ministry",,,
"1121	凄	セイ	threaten",,,
"1122	逝	セイ、ゆ-く、い-く	""die",,,
"1123	清	セイ、[ショウ]、きよ-い、きよ-まる、きよ-める	""China",,,
"1124	盛	セイ、[ジョウ]、も-る、さか-る、さか-ん	""prosper",,,
"1125	婿	セイ、むこ	son-in-law",,,
"1126	晴	セイ、は-れる、は-らす	""clear up",,,
"1127	勢	セイ、いきお-い	""energy; military strength""",,,
"1128	聖	セイ	""saint; sage; great master; holiness""",,,
"1129	誠	セイ、まこと	""admonish",,,
"1130	精	セイ、[ショウ]	""spirit",,,
"1131	製	セイ	""make",,,
"1132	誓	セイ、ちか-う	""swear",,,
"1133	静	セイ、[ジョウ]、しず、しず-か、しず-まる、しず-める	""quiet",,,
"1134	請	セイ、[シン]、こ-う、う-ける	""requesting",,,
"1135	整	セイ、ととの-える、ととの-う	arranging",,,
"1136	醒	セイ	""awake; be disillusioned; sober up""",,,
"1137	税	ゼイ	""tax",,,
"1138	夕	セキ、ゆう	evening",,,
"1139	斥	セキ	""retreat",,,
"1140	石	セキ、[シャク]、[コク]、いし	""stone",,,
"1141	赤	セキ、[シャク]、あか、あか-い、あか-らむ、あか-らめる	""red",,,
"1142	昔	セキ、[シャク]、むかし	""antiquity",,,
"1143	析	セキ	""divide; tear; analyze""",,,
"1144	席	セキ	""seat; mat; a place",,,
"1145	脊	セキ	""stature",,,
"1146	隻	セキ	""counter for ships",,,
"1147	惜	セキ、お-しい、お-しむ	""be sparing of; be frugal with; be stingy with; regret; value",,,
"1148	戚	セキ	""relative",,,
"1149	責	セキ、せ-める	""condemn",,,
"1150	跡	セキ、あと	""mark",,,
"1151	積	セキ、つ-む、つ-もる	""product (in math); acreage",,,
"1152	績	セキ	""exploits",,,
"1153	籍	セキ	""domiciliary register; membership""",,,
"1154	切	セツ、[サイ]、き-る、き-れる	""cut",,,
"1155	折	セツ、お-る、おり、お-れる	""break",,,
"1156	拙	セツ、つたな-い	""clumsy",,,
"1157	窃	セツ	steal",,,
"1158	接	セツ、つ-ぐ	""touch",,,
"1159	設	セツ、もう-ける	""prepare",,,
"1160	雪	セツ、ゆき	""snow",,,
"1161	摂	セツ	""act in place of; carry on in addition to""",,,
"1162	節	セツ、[セチ]、ふし	""season",,,
"1163	説	セツ、[ゼイ]、と-く	""opinion",,,
"1164	舌	ゼツ、した	""tongue; reed; clapper""",,,
"1165	絶	ゼツ、た-える、た-やす、た-つ	""be beyond (words)""",,,
"1166	千	セン、ち	""thousand",,,
"1167	川	セン、かわ	""river",,,
"1168	仙	セン	""hermit",,,
"1169	占	セン、し-める、うらな-う	""occupy",,,
"1170	先	セン、さき	""the future; priority",,,
"1171	宣	セン	""be pleased to say",,,
"1172	専	セン、もっぱ-ら	""mainly",,,
"1173	泉	セン、いずみ	""spring",,,
"1174	浅	セン、あさ-い	""shallow; superficial; short (time); slight (connection); pale",,,
"1175	洗	セン、あら-う	""wash; inquire into",,,
"1176	染	セン、そ-める、そ-まる、し-みる、し-み	""be dyed",,,
"1177	扇	セン、おうぎ	fan",,,
"1178	栓	セン	""bolt",,,
"1179	旋	セン	""go around""",,,
"1180	船	セン、ふね、[ふな]	ship",,,
"1181	戦	セン、いくさ、たたか-う	""war; battle; game",,,
"1182	煎	セン、い-る	""broil",,,
"1183	羨	セン、うらや-む、うらや-ましい	""be envious",,,
"1184	腺	セン	gland",,,
"1185	詮	セン	""discussion; selection; methods called for; result",,,
"1186	践	セン	""step on",,,
"1187	箋	セン	""paper; label; letter; composition""",,,
"1188	銭	セン、ぜに	""one-hundredth of a yen; coin""",,,
"1189	潜	セン、ひそ-む、もぐ-る	""conceal",,,
"1190	線	セン	""line; track",,,
"1191	遷	セン	""move",,,
"1192	選	セン、えら-ぶ	""selection",,,
"1193	薦	セン、すす-める	""recommendation",,,
"1194	繊	セン	""fine",,,
"1195	鮮	セン、あざ-やか	Korea",,,
"1196	全	ゼン、まった-く、すべ-て	all",,,
"1197	前	ゼン、まえ	before",,,
"1198	善	ゼン、よ-い	""good",,,
"1199	然	ゼン、ネン	""to decree""",,,
"1200	禅	ゼン	""silent meditation; Buddhist sect originating in the twelfth century""",,,
"1201	漸	ゼン	""gradually advancing""",,,
"1202	膳	ゼン	""small low table; tray""",,,
"1203	繕	ゼン、つくろ-う	""repair",,,
"1204	狙	ソ、ねら-う	""aim at",,,
"1205	阻	ソ、はば-む	""separate from; prevent",,,
"1206	祖	ソ	""ancestor",,,
"1207	租	ソ	""crop tax",,,
"1208	素	ソ、ス	""principle; element. naked",,,
"1209	措	ソ	""give up",,,
"1210	粗	ソ、あら-い	""roughness",,,
"1211	組	ソ、く-む、くみ	""take part in; be implicated in; side with; support""",,,
"1212	疎	ソ、うと-い、うと-む	""rough",,,
"1213	訴	ソ、うった-える	""sue; complain of (pain); appeal to; have recourse to""",,,
"1214	塑	ソ	""modeling",,,
"1215	遡	ソ、さかのぼ-る	""go upstream; retrace the past""",,,
"1216	礎	ソ、いしずえ	""foundation stone",,,
"1217	双	ソウ、ふた	""a pair; a set; comparison; counter for pairs""",,,
"1218	壮	ソウ	""manhood; prosperity""",,,
"1219	早	ソウ、[サッ]、はや-い、はや-まる、はや-める	""quick",,,
"1220	争	ソウ、あらそ-う	""dispute",,,
"1221	走	ソウ、はし-る	""run",,,
"1222	奏	ソウ、かな-でる	""play (an instrument)""",,,
"1223	相	ソウ、ショウ、あい	""aspect",,,
"1224	荘	ソウ	""villa",,,
"1225	草	ソウ、くさ	""grass; grass hand (writing); weeds; herbs",,,
"1226	送	ソウ、おく-る	sending",,,
"1227	倉	ソウ、くら	storehouse",,,
"1228	捜	ソウ、さが-す	""search",,,
"1229	挿	ソウ、さ-す	""insert",,,
"1230	桑	ソウ、くわ	mulberry",,,
"1231	巣	ソウ、す	""nest",,,
"1232	掃	ソウ、は-く	""sweep; brush; gather up""",,,
"1233	曹	ソウ	friend",,,
"1234	曽	ソウ、[ゾ]	""once",,,
"1235	爽	ソウ、さわ-やか	""refreshing",,,
"1236	窓	ソウ、まど	window",,,
"1237	創	ソウ、つく-る	""wound",,,
"1238	喪	ソウ、も	mourning",,,
"1239	痩	ソウ、や-せる	""get thin""",,,
"1240	葬	ソウ、ほうむ-る	""bury",,,
"1241	装	ソウ、ショウ、よそお-う	""dress; spruce up; pretend",,,
"1242	僧	ソウ	""monk",,,
"1243	想	ソウ、[ソ]	""idea",,,
"1244	層	ソウ	""(social) class; stratum",,,
"1245	総	ソウ	""whole",,,
"1246	遭	ソウ、あ-う	""meet",,,
"1247	槽	ソウ	""tub",,,
"1248	踪	ソウ	""remains (of something); clue",,,
"1249	操	ソウ、みさお、あやつ-る	""manipulate",,,
"1250	燥	ソウ	""dry up""",,,
"1251	霜	ソウ、しも	frost",,,
"1252	騒	ソウ、さわ-ぐ	""make a noise",,,
"1253	藻	ソウ、も	""duckweed",,,
"1254	造	ゾウ、つく-る	""make",,,
"1255	像	ゾウ	""image",,,
"1256	増	ゾウ、ま-す、ふ-える、ふ-やす	increase",,,
"1257	憎	ゾウ、にく-む、にく-い、にく-らしい、にく-しみ	""hate",,,
"1258	蔵	ゾウ、くら	""storehoure",,,
"1259	贈	ゾウ、[ソウ]、おく-る	""present (something)""",,,
"1260	臓	ゾウ	""viscera",,,
"1261	即	ソク	""namely",,,
"1262	束	ソク、たば	""bundle",,,
"1263	足	ソク、あし、た-りる、た-る、た-す	""foot; leg; counter for pairs of footwear""",,,
"1264	促	ソク、うなが-す	""urge",,,
"1265	則	ソク	""follow (precedent)",,,
"1266	息	ソク、いき	""son; interest (on money)""",,,
"1267	捉	ソク、とら-える	""catch",,,
"1268	速	ソク、はや-い、はや-める、はや-まる、すみ-やか	""speedy",,,
"1269	側	ソク、がわ	""lean to one side",,,
"1270	測	ソク、はか-る	""measure",,,
"1271	俗	ゾク	""customs",,,
"1272	族	ゾク	""family",,,
"1273	属	ゾク	""genus; subordinate official""",,,
"1274	賊	ゾク	""robber; rebel; traitor""",,,
"1275	続	ゾク、つづ-く、つづ-ける	""continuation",,,
"1276	卒	ソツ	""graduate",,,
"1277	率	ソツ、リツ、ひき-いる	""rate",,,
"1278	存	ソン、ゾン	""know",,,
"1279	村	ソン、むら	""village",,,
"1280	孫	ソン、まご	descendants",,,
"1281	尊	ソン、たっと-い、とうと-い、たっと-ぶ、とうと-ぶ	""value",,,
"1282	損	ソン、そこ-なう、そこ-ねる	""loss; disadvantage",,,
"1283	遜	ソン	""humble oneself",,,
"1284	他	タ、ほか	""another",,,
"1285	多	タ、おお-い	much",,,
"1286	汰	タ	""luxury; select""",,,
"1287	打	ダ、う-つ	striking",,,
"1288	妥	ダ	""peace; depravity""",,,
"1289	唾	ダ、つば	""sputum; saliva""",,,
"1290	堕	ダ	""descend to",,,
"1291	惰	ダ	laziness",,,
"1292	駄	ダ	""horse load; pack horse; sending by horses""",,,
"1293	太	タイ、タ、ふと-い、ふと-る	""get fat",,,
"1294	対	タイ、ツイ	""the opposite; antonym; even",,,
"1295	体	タイ、テイ、からだ	""the body; substance",,,
"1296	耐	タイ、た-える	enduring",,,
"1297	待	タイ、ま-つ	waiting",,,
"1298	怠	タイ、おこた-る、なま-ける	""laziness",,,
"1299	胎	タイ	""womb",,,
"1300	退	タイ、しりぞ-く、しりぞ-ける	""retreat",,,
"1301	帯	タイ、お-びる、おび	""belt; zone""",,,
"1302	泰	タイ	""calm ",,,
"1303	堆	タイ	""piled high""",,,
"1304	袋	タイ、ふくろ	""bag; bag counter""",,,
"1305	逮	タイ	chase",,,
"1306	替	タイ、か-える、か-わる	""change",,,
"1307	貸	タイ、か-す	""lend; hire out",,,
"1308	隊	タイ	""party",,,
"1309	滞	タイ、とどこお-る	stopping",,,
"1310	態	タイ	""condition",,,
"1311	戴	タイ	""be crowned with",,,
"1312	大	ダイ、タイ、おお、おお-きい、おお-いに	""large",,,
"1313	代	ダイ、タイ、か-わる、か-える、よ、しろ	""period",,,
"1314	台	ダイ、タイ	""stand",,,
"1315	第	ダイ	""residence. number (1",,,
"1316	題	ダイ	""subject",,,
"1317	滝	たき	-",,,
"1318	宅	タク	""home",,,
"1319	択	タク	""choose",,,
"1320	沢	タク、さわ	""swamp; blessing""",,,
"1321	卓	タク	""table",,,
"1322	拓	タク	""open",,,
"1323	託	タク	""requesting",,,
"1324	濯	タク	""wash",,,
"1325	諾	ダク	""assent",,,
"1326	濁	ダク、にご-る、にご-す	""uncleanness; wrong; muddiness",,,
"1327	但	ただ-し	-",,,
"1328	達	タツ	""reach",,,
"1329	脱	ダツ、ぬ-ぐ、ぬ-げる	removing",,,
"1330	奪	ダツ、うば-う	""take by force",,,
"1331	棚	たな	-",,,
"1332	誰	だれ	-",,,
"1333	丹	タン	""red",,,
"1334	旦	タン、ダン	""dawn",,,
"1335	担	タン、かつ-ぐ、にな-う	""carry; raise""",,,
"1336	単	タン	""one",,,
"1337	炭	タン、すみ	""charcoal; coal""",,,
"1338	胆	タン	""gall bladder; courage""",,,
"1339	探	タン、さぐ-る、さが-す	""search",,,
"1340	淡	タン、あわ-い	""light",,,
"1341	短	タン、みじか-い	""shortness",,,
"1342	嘆	タン、なげ-く、なげ-かわしい	sigh",,,
"1343	端	タン、はし、は、はた	""origin; end; point""",,,
"1344	綻	タン、ほころ-びる	""be rent",,,
"1345	誕	タン	""be born; deceive; lie; be arbitrary""",,,
"1346	鍛	タン、きた-える	""forge",,,
"1347	団	ダン、[トン]	""body",,,
"1348	男	ダン、ナン、おとこ	""man",,,
"1349	段	ダン	""steps",,,
"1350	断	ダン、た-つ、ことわ-る	""decision",,,
"1351	弾	ダン、ひ-く、はず-む、たま	bullet",,,
"1352	暖	ダン、あたた-か、あたた-かい、あたた-まる、あたた-める	warmth",,,
"1353	談	ダン	""conversation",,,
"1354	壇	ダン、[タン]	""stage",,,
"1355	地	チ、ジ	""earth",,,
"1356	池	チ、いけ	""pond",,,
"1357	知	チ、し-る	""know",,,
"1358	値	チ、ね、あたい	""price",,,
"1359	恥	チ、は-じる、はじ、は-じらう、は-ずかしい	""shame",,,
"1360	致	チ、いた-す	""do; send",,,
"1361	遅	チ、おく-れる、おく-らす、おそ-い	""be late",,,
"1362	痴	チ	foolish",,,
"1363	稚	チ	young",,,
"1364	置	チ、お-く	""place",,,
"1365	緻	チ	""fine (not coarse)""",,,
"1366	竹	チク、たけ	bamboo",,,
"1367	畜	チク	""domesticated fowl and animals""",,,
"1368	逐	チク	""drive away; chase; drive (cattle); follow",,,
"1369	蓄	チク、たくわ-える	""store",,,
"1370	築	チク、きず-く	""build",,,
"1371	秩	チツ	""salary; order""",,,
"1372	窒	チツ	""plug up",,,
"1373	茶	チャ、サ	""tea; tea plant; tea leaves",,,
"1374	着	チャク、[ジャク]、き-る、き-せる、つ-く、つ-ける	""arrival",,,
"1375	嫡	チャク	""legitimacy; legitimate child; legitimate wife; direct descent""",,,
"1376	中	チュウ、[ジュウ]、なか	""center",,,
"1377	仲	チュウ、なか	""relation",,,
"1378	虫	チュウ、むし	""worm",,,
"1379	沖	チュウ、おき	""offing",,,
"1380	宙	チュウ	""air",,,
"1381	忠	チュウ	""loyalty",,,
"1382	抽	チュウ	""pull; extract; excel""",,,
"1383	注	チュウ、そそ-ぐ	""notes",,,
"1384	昼	チュウ、ひる	""daytime",,,
"1385	柱	チュウ、はしら	""cylinder",,,
"1386	衷	チュウ	""heart",,,
"1387	酎	チュウ	sak_",,,
"1388	鋳	チュウ、い-る	casting",,,
"1389	駐	チュウ	""stop",,,
"1390	著	チョ、あらわ-す、いちじる-しい	""literary work""",,,
"1391	貯	チョ	""store",,,
"1392	丁	チョウ、テイ	""fourth; adult male; servant. counter for guns",,,
"1393	弔	チョウ、とむら-う	mourning",,,
"1394	庁	チョウ	""government office""",,,
"1395	兆	チョウ、きざ-す、きざ-し	""sign",,,
"1396	町	チョウ、まち	""town; block; street; 2.45 acres; 119 yards""",,,
"1397	長	チョウ、なが-い	""head",,,
"1398	挑	チョウ、いど-む	""challenge; contend for; make love to""",,,
"1399	帳	チョウ	""notebook; account book; register; album; curtain dividing a room""",,,
"1400	張	チョウ、は-る	""counter for bows and stringed instruments""",,,
"1401	彫	チョウ、ほ-る	carving",,,
"1402	眺	チョウ、なが-める	""watch",,,
"1403	釣	チョウ、つ-る	""angle",,,
"1404	頂	チョウ、いただ-く、いただき	""head; top of the head; top",,,
"1405	鳥	チョウ、とり	bird",,,
"1406	朝	チョウ、あさ	""dynasty; reign",,,
"1407	貼	チョウ、は-る	""counter for medicine packages""",,,
"1408	超	チョウ、こ-える、こ-す	""super-",,,
"1409	腸	チョウ	""intestines",,,
"1410	跳	チョウ、は-ねる、と-ぶ	""leap",,,
"1411	徴	チョウ	""sign",,,
"1412	嘲	チョウ、あざけ-る	""rudicule",,,
"1413	潮	チョウ、しお	""tide; salt water; opportunity""",,,
"1414	澄	チョウ、す-む、す-ます	""be clear",,,
"1415	調	チョウ、しら-べる、ととの-う、ととの-える	""tune",,,
"1416	聴	チョウ、き-く	""careful inquiry""",,,
"1417	懲	チョウ、こ-りる、こ-らす、こ-らしめる	""chastise",,,
"1418	直	チョク、ジキ、ただ-ちに、なお-す、なお-る	""honesty",,,
"1419	勅	チョク	""imperial decree""",,,
"1420	捗	チョク	""make progress""",,,
"1421	沈	チン、しず-む、しず-める	aloes",,,
"1422	珍	チン、めずら-しい	""rare",,,
"1423	朕	チン	""imperial we""",,,
"1424	陳	チン	""state",,,
"1425	賃	チン	""hire",,,
"1426	鎮	チン、しず-める、しず-まる	""ancient garrisons for peace-preservation""",,,
"1427	追	ツイ、お-う	""drive away; chase; drive (cattle); follow",,,
"1428	椎	ツイ	""hammer",,,
"1429	墜	ツイ	fall",,,
"1430	通	ツウ、[ツ]、とお-る、とお-す、かよ-う	""pass; expert""",,,
"1431	痛	ツウ、いた-い、いた-む、いた-める	pain",,,
"1432	塚	つか	-",,,
"1433	漬	つ-ける、つ-かる	-",,,
"1434	坪	つぼ	-",,,
"1435	爪	つめ、[つま]	-",,,
"1436	鶴	つる	""crane",,,
"1437	低	テイ、ひく-い、ひく-める、ひく-まる	low",,,
"1438	呈	テイ	""offer",,,
"1439	廷	テイ	""imperial court",,,
"1440	弟	テイ、[ダイ]、[デ]、おとうと	""younger brother",,,
"1441	定	テイ、ジョウ、さだ-める、さだ-まる、さだ-か	""deciding. be decided",,,
"1442	底	テイ、そこ	""bottom",,,
"1443	抵	テイ	""touch",,,
"1444	邸	テイ	""mansion",,,
"1445	亭	テイ	""restaurant; mansion; arbor; cottage; vaudeville",,,
"1446	貞	テイ	""chastity; constancy; righteousness""",,,
"1447	帝	テイ	""emperor; the god of heaven; the creator""",,,
"1448	訂	テイ	""correct; decide""",,,
"1449	庭	テイ、にわ	""yard",,,
"1450	逓	テイ	""in turn; sending (parcels) in feudal times""",,,
"1451	停	テイ	stopping",,,
"1452	偵	テイ	spy",,,
"1453	堤	テイ、つつみ	""dike",,,
"1454	提	テイ、さ-げる	""take along",,,
"1455	程	テイ、ほど	""degree; law; formula; distance""",,,
"1456	艇	テイ	""small boat""",,,
"1457	締	テイ、し-まる、し-める	""tie",,,
"1458	諦	テイ、あきら-める	""abandon",,,
"1459	泥	デイ、どろ	""mud",,,
"1460	的	テキ、まと	""mark",,,
"1461	笛	テキ、ふえ	flute",,,
"1462	摘	テキ、つ-む	""pick",,,
"1463	滴	テキ、しずく、したた-る	drop",,,
"1464	適	テキ	suitable",,,
"1465	敵	テキ、かたき	""enemy",,,
"1466	溺	デキ、おぼ-れる	""drown",,,
"1467	迭	テツ	alternation",,,
"1468	哲	テツ	clear",,,
"1469	鉄	テツ	""iron",,,
"1470	徹	テツ	clear",,,
"1471	撤	テツ	""withdraw; disarm (a ship); dismantle (a fort); remove",,,
"1472	天	テン、あめ、[あま]	""sky",,,
"1473	典	テン	""ceremony",,,
"1474	店	テン、みせ	""shop",,,
"1475	点	テン	""point; mark; score",,,
"1476	展	テン	expand",,,
"1477	添	テン、そ-える、そ-う	""accompany; marry; be added to; suit",,,
"1478	転	テン、ころ-がる、ころ-げる、ころ-がす、ころ-ぶ	""turn",,,
"1479	填	テン	""go into",,,
"1480	田	デン、た	""rice field",,,
"1481	伝	デン、つた-わる、つた-える、つた-う	""legend",,,
"1482	殿	デン、テン、との、どの	""hall",,,
"1483	電	デン	electricity",,,
"1484	斗	ト	""ten sho (1 to = 4.8 gallons (U.S.)= 18 liters); a one-to measure; sake ladle; the Big Dipper""",,,
"1485	吐	ト、は-く	""disgorge",,,
"1486	妬	ト、ねた-む	""be jealous of",,,
"1487	徒	ト	""party",,,
"1488	途	ト	""way",,,
"1489	都	ト、ツ、みやこ	""capital",,,
"1490	渡	ト、わた-る、わた-す	""cross",,,
"1491	塗	ト、ぬ-る	""paint; plaster; daub",,,
"1492	賭	ト、か-ける	gambling",,,
"1493	土	ド、ト、つち	""earth",,,
"1494	奴	ド	""manservant",,,
"1495	努	ド、つと-める	""serve",,,
"1496	度	ド、[ト]、[タク]、たび	""degree; extent",,,
"1497	怒	ド、いか-る、おこ-る	""become angry",,,
"1498	刀	トウ、かたな	""sword",,,
"1499	冬	トウ、ふゆ	winter",,,
"1500	灯	トウ、ひ	""lamp",,,
"1501	当	トウ、あ-たる、あ-てる	""right",,,
"1502	投	トウ、な-げる	throw",,,
"1503	豆	トウ、[ズ]、まめ	""beans",,,
"1504	東	トウ、ひがし	east",,,
"1505	到	トウ	""go",,,
"1506	逃	トウ、に-げる、に-がす、のが-す、のが-れる	""flee",,,
"1507	倒	トウ、たお-れる、たお-す	""fall",,,
"1508	凍	トウ、こお-る、こご-える	""freeze",,,
"1509	唐	トウ、から	""Tang (dynasty); China; foreign countries. Chinese; Korean; Foreign""",,,
"1510	島	トウ、しま	island",,,
"1511	桃	トウ、もも	peach",,,
"1512	討	トウ、う-つ	""attack",,,
"1513	透	トウ、す-く、す-かす、す-ける	""permeate",,,
"1514	党	トウ	""party",,,
"1515	悼	トウ、いた-む	""grieve over""",,,
"1516	盗	トウ、ぬす-む	thief",,,
"1517	陶	トウ	""porcelain",,,
"1518	塔	トウ	""tower",,,
"1519	搭	トウ	""load (a vehicle); ride""",,,
"1520	棟	トウ、むね、[むな]	""ridge",,,
"1521	湯	トウ、ゆ	""hot water""",,,
"1522	痘	トウ	smallpox",,,
"1523	登	トウ、ト、のぼ-る	""rise",,,
"1524	答	トウ、こた-える、こた-え	answer",,,
"1525	等	トウ、ひと-しい	""class",,,
"1526	筒	トウ、つつ	""pipette",,,
"1527	統	トウ、す-べる	""relationship; lineage; beginning""",,,
"1528	稲	トウ、いね、[いな]	""rice plant""",,,
"1529	踏	トウ、ふ-む、ふ-まえる	""step on",,,
"1530	糖	トウ	sugar",,,
"1531	頭	トウ、ズ、[ト]、あたま、かしら	""head",,,
"1532	謄	トウ	copy",,,
"1533	藤	トウ、ふじ	wisteria",,,
"1534	闘	トウ、たたか-う	fighting",,,
"1535	騰	トウ	""rising; price rise""",,,
"1536	同	ドウ、おな-じ	""the same",,,
"1537	洞	ドウ、ほら	cavity",,,
"1538	胴	ドウ	""torso",,,
"1539	動	ドウ、うご-く、うご-かす	""motion; change; confusion""",,,
"1540	堂	ドウ	""temple; shrine; hall; reception room; firm; state chamber. shop",,,
"1541	童	ドウ、わらべ	child",,,
"1542	道	ドウ、[トウ]、みち	""district",,,
"1543	働	ドウ、はたら-く	""work",,,
"1544	銅	ドウ	copper",,,
"1545	導	ドウ、みちび-く	leading",,,
"1546	瞳	ドウ、ひとみ	""pupil of the eye""",,,
"1547	峠	とうげ	-",,,
"1548	匿	トク	""shelter",,,
"1549	特	トク	special",,,
"1550	得	トク、え-る、う-る	""profit",,,
"1551	督	トク	""command",,,
"1552	徳	トク	""virtue",,,
"1553	篤	トク	""kind",,,
"1554	毒	ドク	""poison; virus",,,
"1555	独	ドク、ひと-り	alone",,,
"1556	読	ドク、トク、[トウ]、よ-む	reading",,,
"1557	栃	[とち]	-",,,
"1558	凸	トツ	""projecting",,,
"1559	突	トツ、つ-く	""protruding",,,
"1560	届	とど-ける、とど-く	-",,,
"1561	屯	トン	""police station; camp""",,,
"1562	豚	トン、ぶた	hog",,,
"1563	頓	トン	""suddenly",,,
"1564	貪	ドン、むさぼ-る	coveting",,,
"1565	鈍	ドン、にぶ-い、にぶ-る	""dullness",,,
"1566	曇	ドン、くも-る	""cloud up; fog up",,,
"1567	丼	どんぶり、[どん]	-",,,
"1568	那	ナ	what",,,
"1569	奈	ナ	what",,,
"1570	内	ナイ、[ダイ]、うち	""inside",,,
"1571	梨	なし	-",,,
"1572	謎	なぞ	-",,,
"1573	鍋	なべ	-",,,
"1574	南	ナン、[ナ]、みなみ	south",,,
"1575	軟	ナン、やわ-らか、やわ-らかい	soft",,,
"1576	難	ナン、かた-い、むずか-しい	""trouble",,,
"1577	二	ニ、ふた、ふた-つ	""two",,,
"1578	尼	ニ、あま	nun",,,
"1579	弐	ニ	""two",,,
"1580	匂	にお-う	-",,,
"1581	肉	ニク	""flesh",,,
"1582	虹	にじ	-",,,
"1583	日	ニチ、ジツ、ひ、か	""day; Sunday""",,,
"1584	入	ニュウ、い-る、い-れる、はい-る	""go in",,,
"1585	乳	ニュウ、ちち、ち	""milk; the breasts; loop""",,,
"1586	尿	ニョウ	urine",,,
"1587	任	ニン、まか-せる、まか-す	""duty",,,
"1588	妊	ニン	""become pregnant; be pregnant; be filled with""",,,
"1589	忍	ニン、しの-ぶ、しの-ばせる	""bear",,,
"1590	認	ニン、みと-める	""witness; sight; discern",,,
"1591	寧	ネイ	preferably",,,
"1592	熱	ネツ、あつ-い	""heat",,,
"1593	年	ネン、とし	""year; term of service""",,,
"1594	念	ネン	""sense",,,
"1595	捻	ネン	""pinch (of salt); small gift of money; a twist""",,,
"1596	粘	ネン、ねば-る	""be sticky",,,
"1597	燃	ネン、も-える、も-やす、も-す	burn",,,
"1598	悩	ノウ、なや-む、なや-ます	""distress",,,
"1599	納	ノウ、[ナッ]、[ナ]、[ナン]、[トウ]、おさ-める、おさ-まる	""obtain",,,
"1600	能	ノウ	""ability",,,
"1601	脳	ノウ	""brain",,,
"1602	農	ノウ	""agriculture; farmers""",,,
"1603	濃	ノウ、こ-い	""dark",,,
"1604	把	ハ	""bundle",,,
"1605	波	ハ、なみ	wave",,,
"1606	派	ハ	""group",,,
"1607	破	ハ、やぶ-る、やぶ-れる	""tear",,,
"1608	覇	ハ	""supremacy",,,
"1609	馬	バ、うま、[ま]	horse",,,
"1610	婆	バ	""old woman; grandmother""",,,
"1611	罵	バ、ののし-る	""abuse",,,
"1612	拝	ハイ、おが-む	worship",,,
"1613	杯	ハイ、さかずき	""cup",,,
"1614	背	ハイ、せ、せい、そむ-く、そむ-ける	""back",,,
"1615	肺	ハイ	lung",,,
"1616	俳	ハイ	actor",,,
"1617	配	ハイ、くば-る	""distribute; spouse; exile; rationing""",,,
"1618	排	ハイ	""exclude",,,
"1619	敗	ハイ、やぶ-れる	""defeat",,,
"1620	廃	ハイ、すた-れる、すた-る	""obsolescence; cessation; discarding""",,,
"1621	輩	ハイ	""fellow",,,
"1622	売	バイ、う-る、う-れる	selling",,,
"1623	倍	バイ	""double",,,
"1624	梅	バイ、うめ	""plum",,,
"1625	培	バイ、つちか-う	""cultivate",,,
"1626	陪	バイ	""follow",,,
"1627	媒	バイ	go-between",,,
"1628	買	バイ、か-う	buying",,,
"1629	賠	バイ	indemnify",,,
"1630	白	ハク、ビャク、しろ、[しら]、しろ-い	white",,,
"1631	伯	ハク	""count; earl; eldest brother; uncle; chief official""",,,
"1632	拍	ハク、[ヒョウ]	""beat (in music)""",,,
"1633	泊	ハク、と-まる、と-める	""(three-day) stay""",,,
"1634	迫	ハク、せま-る	""press for",,,
"1635	剥	ハク、は-がす、は-ぐ、は-がれる、は-げる	""come off",,,
"1636	舶	ハク	ship",,,
"1637	博	ハク、[バク]	""command esteem",,,
"1638	薄	ハク、うす-い、うす-める、うす-まる、うす-らぐ、うす-れる	""thin",,,
"1639	麦	バク、むぎ	""wheat",,,
"1640	漠	バク	""vague",,,
"1641	縛	バク、しば-る	""arrest",,,
"1642	爆	バク	""burst open",,,
"1643	箱	はこ	-",,,
"1644	箸	はし	-",,,
"1645	畑	はた、はたけ	-",,,
"1646	肌	はだ	-",,,
"1647	八	ハチ、や、や-つ、やっ-つ、[よう]	eight",,,
"1648	鉢	ハチ、[ハツ]	""bowl",,,
"1649	発	ハツ、ホツ	""departure; discharge (of a gun)""",,,
"1650	髪	ハツ、かみ	""the hair""",,,
"1651	伐	バツ	""strike",,,
"1652	抜	バツ、ぬ-く、ぬ-ける、ぬ-かす、ぬ-かる	""extract",,,
"1653	罰	バツ、バチ	""punishment",,,
"1654	閥	バツ	""lineage",,,
"1655	反	ハン、[ホン]、[タン]、そ-る、そ-らす	""antithesis",,,
"1656	半	ハン、なか-ば	""half; odd number; semi-",,,
"1657	氾	ハン	""spread out; wide""",,,
"1658	犯	ハン、おか-す	""offense",,,
"1659	帆	ハン、ほ	sail",,,
"1660	汎	ハン	pan-",,,
"1661	伴	ハン、バン、ともな-う	""accompany",,,
"1662	判	ハン、バン	""stamp",,,
"1663	坂	ハン、さか	""incline",,,
"1664	阪	ハン	slope",,,
"1665	板	ハン、バン、いた	""board",,,
"1666	版	ハン	""printing block or plate; printing; edition",,,
"1667	班	ハン	""corps",,,
"1668	畔	ハン	""rice-paddy ridge",,,
"1669	般	ハン	""carry; all""",,,
"1670	販	ハン	""sell",,,
"1671	斑	ハン	spot",,,
"1672	飯	ハン、めし	""cooked rice; meal; food""",,,
"1673	搬	ハン	""carry",,,
"1674	煩	ハン、[ボン]、わずら-う、わずら-わす	""worry",,,
"1675	頒	ハン	""divide",,,
"1676	範	ハン	""example",,,
"1677	繁	ハン	""frequency",,,
"1678	藩	ハン	""feudal clan; enclosure""",,,
"1679	晩	バン	""evening",,,
"1680	番	バン	""watch",,,
"1681	蛮	バン	barbarian",,,
"1682	盤	バン	""shallow bowl",,,
"1683	比	ヒ、くら-べる	""ratio; comparison; an equal",,,
"1684	皮	ヒ、かわ	""skin; hide; leather; fur",,,
"1685	妃	ヒ	""queen",,,
"1686	否	ヒ、いな	""no",,,
"1687	批	ヒ	strike",,,
"1688	彼	ヒ、かれ、[かの]	""he; that""",,,
"1689	披	ヒ	open",,,
"1690	肥	ヒ、こ-える、こえ、こ-やす、こ-やし	""get fat; get fertile""",,,
"1691	非	ヒ	""mistake; misdeed; injustice; wrong; non-",,,
"1692	卑	ヒ、いや-しい、いや-しむ、いや-しめる	""humble; base",,,
"1693	飛	ヒ、と-ぶ、と-ばす	""fly; skip (pages)""",,,
"1694	疲	ヒ、つか-れる	""get tired",,,
"1695	秘	ヒ、ひ-める	secret",,,
"1696	被	ヒ、こうむ-る	receiving",,,
"1697	悲	ヒ、かな-しい、かな-しむ	""grieve",,,
"1698	扉	ヒ、とびら	""door; title page",,,
"1699	費	ヒ、つい-やす、つい-える	""expenses",,,
"1700	碑	ヒ	""monument",,,
"1701	罷	ヒ	""end",,,
"1702	避	ヒ、さ-ける	""avoid",,,
"1703	尾	ビ、お	""tail; end; counter for fish""",,,
"1704	眉	ビ、[ミ]、まゆ	eyebrow",,,
"1705	美	ビ、うつく-しい	""beauty",,,
"1706	備	ビ、そな-える、そな-わる	""be furnished with",,,
"1707	微	ビ	""minuteness; insignificance; vagueness; fewness""",,,
"1708	鼻	ビ、はな	nasal",,,
"1709	膝	ひざ	-",,,
"1710	肘	ひじ	-",,,
"1711	匹	ヒツ、ひき	""head",,,
"1712	必	ヒツ、かなら-ず	certainly",,,
"1713	泌	ヒツ、ヒ	""flow; soak in; penetrate; secrete""",,,
"1714	筆	ヒツ、ふで	""writing brush",,,
"1715	姫	ひめ	-",,,
"1716	百	ヒャク	""hundred; a great number; all""",,,
"1717	氷	ヒョウ、こおり、ひ	""freeze; be frozen over; congeal""",,,
"1718	表	ヒョウ、おもて、あらわ-す、あらわ-れる	""table",,,
"1719	俵	ヒョウ、たわら	""bag",,,
"1720	票	ヒョウ	""label; ballot; ticket; sign""",,,
"1721	評	ヒョウ	""criticism",,,
"1722	漂	ヒョウ、ただよ-う	""float (on the water)""",,,
"1723	標	ヒョウ	""signpost; mark; target; designate""",,,
"1724	苗	ビョウ、なえ、[なわ]	""seedling",,,
"1725	秒	ビョウ	""one-sixteenth of a minute (of time",,,
"1726	病	ビョウ、[ヘイ]、や-む、やまい	""get sick",,,
"1727	描	ビョウ、えが-く、か-く	""write",,,
"1728	猫	ビョウ、ねこ	cat",,,
"1729	品	ヒン、しな	""refinement",,,
"1730	浜	ヒン、はま	""beach",,,
"1731	貧	ヒン、ビン、まず-しい	poverty",,,
"1732	賓	ヒン	guest",,,
"1733	頻	ヒン	""repeat",,,
"1734	敏	ビン	""agility; alertness""",,,
"1735	瓶	ビン	""bottle",,,
"1736	不	フ、ブ	""negation; bad; clumsy; ugly""",,,
"1737	夫	フ、[フウ]、おっと	""husband; man""",,,
"1738	父	フ、ちち	father",,,
"1739	付	フ、つ-ける、つ-く	""give to",,,
"1740	布	フ、ぬの	cloth",,,
"1741	扶	フ	""help; save",,,
"1742	府	フ	""urban prefecture; government office; representative body; storehouse""",,,
"1743	怖	フ、こわ-い	""fear",,,
"1744	阜	[フ]	""hill; mound""",,,
"1745	附	フ	""give to",,,
"1746	訃	フ	""obituary",,,
"1747	負	フ、ま-ける、ま-かす、お-う	""negative",,,
"1748	赴	フ、おもむ-く	""proceed to; get",,,
"1749	浮	フ、う-く、う-かれる、う-かぶ、う-かべる	""float",,,
"1750	婦	フ	""woman; wife; bride""",,,
"1751	符	フ	""sign",,,
"1752	富	フ、[フウ]、と-む、とみ	enrich",,,
"1753	普	フ	""widely",,,
"1754	腐	フ、くさ-る、くさ-れる、くさ-らす	""rot",,,
"1755	敷	フ、し-く	""spread; pave; sit (on a cushion); lay (a railway); gravel (a road); promulgate; draw up""",,,
"1756	膚	フ	""skin",,,
"1757	賦	フ	""ode",,,
"1758	譜	フ	""music",,,
"1759	侮	ブ、あなど-る	""despise",,,
"1760	武	ブ、ム	""military affairs",,,
"1761	部	ブ	""department",,,
"1762	舞	ブ、ま-う、まい	""dance; flutter about",,,
"1763	封	フウ、ホウ	""seal; sealing; closing. fief""",,,
"1764	風	フウ、[フ]、かぜ、[かざ]	""wind; air",,,
"1765	伏	フク、ふ-せる、ふ-す	""bend down",,,
"1766	服	フク	""dress",,,
"1767	副	フク	""duplicate",,,
"1768	幅	フク、はば	""hanging scroll",,,
"1769	復	フク	""return to",,,
"1770	福	フク	""fortune",,,
"1771	腹	フク、はら	""belly",,,
"1772	複	フク	""double",,,
"1773	覆	フク、おお-う、くつがえ-す、くつがえ-る	""overturn",,,
"1774	払	フツ、はら-う	""clear out",,,
"1775	沸	フツ、わ-く、わ-かす	""boil",,,
"1776	仏	ブツ、ほとけ	""Buddha",,,
"1777	物	ブツ、モツ、もの	""thing",,,
"1778	粉	フン、こ、こな	""dust",,,
"1779	紛	フン、まぎ-れる、まぎ-らす、まぎ-らわす、まぎ-らわしい	""be mistaken for",,,
"1780	雰	フン	fog",,,
"1781	噴	フン、ふ-く	""spout",,,
"1782	墳	フン	""mound; tomb""",,,
"1783	憤	フン、いきどお-る	""resent",,,
"1784	奮	フン、ふる-う	""be invigorated",,,
"1785	分	ブン、フン、ブ、わ-ける、わ-かれる、わ-かる、わ-かつ	""dividing; part",,,
"1786	文	ブン、モン、ふみ	""1/100 of a hyakume; crest; figures. literary text",,,
"1787	聞	ブン、モン、き-く、き-こえる	""hear",,,
"1788	丙	ヘイ	""C",,,
"1789	平	ヘイ、ビョウ、たい-ら、ひら	""level",,,
"1790	兵	ヘイ、ヒョウ	""soldier",,,
"1791	併	ヘイ、あわ-せる	""get together",,,
"1792	並	ヘイ、なみ、なら-べる、なら-ぶ、なら-びに	""line up",,,
"1793	柄	ヘイ、がら、え	""handle",,,
"1794	陛	ヘイ	""steps (of the throne)""",,,
"1795	閉	ヘイ、と-じる、と-ざす、し-める、し-まる	""shut",,,
"1796	塀	ヘイ	""wall",,,
"1797	幣	ヘイ	""Shinto zigzag paper offerings; bad habit; humble prefix; gift""",,,
"1798	弊	ヘイ	""evil",,,
"1799	蔽	ヘイ	""cover",,,
"1800	餅	ヘイ、もち	""rice cake""",,,
"1801	米	ベイ、マイ、こめ	""rice",,,
"1802	壁	ヘキ、かべ	""wall; lining (of the stomach); fence; partition""",,,
"1803	璧	ヘキ	""ball",,,
"1804	癖	ヘキ、くせ	habit",,,
"1805	別	ベツ、わか-れる	""divide",,,
"1806	蔑	ベツ、さげす-む	""ignore",,,
"1807	片	ヘン、かた	""leaf",,,
"1808	辺	ヘン、あた-り、べ	""side; boundary",,,
"1809	返	ヘン、かえ-す、かえ-る	answer",,,
"1810	変	ヘン、か-わる、か-える	""change; accident",,,
"1811	偏	ヘン、かたよ-る	""side; left radical of a character; inclining""",,,
"1812	遍	ヘン	times",,,
"1813	編	ヘン、あ-む	""compilation",,,
"1814	弁	ベン	""braid. petal",,,
"1815	便	ベン、ビン、たよ-り	""convenience",,,
"1816	勉	ベン	""serve",,,
"1817	歩	ホ、ブ、[フ]、ある-く、あゆ-む	""step",,,
"1818	保	ホ、たも-つ	guarantee",,,
"1819	哺	ホ	""taking in the mouth""",,,
"1820	捕	ホ、と-らえる、と-らわれる、と-る、つか-まえる、つか-まる	""catch",,,
"1821	補	ホ、おぎな-う	""assistant",,,
"1822	舗	ホ	""shop",,,
"1823	母	ボ、はは	""mother; cause; motive""",,,
"1824	募	ボ、つの-る	""gather (contributions); campaign (for students); float (a loan); enlist (troops); grow violent""",,,
"1825	墓	ボ、はか	""grave",,,
"1826	慕	ボ、した-う	""yearn for",,,
"1827	暮	ボ、く-れる、く-らす	""live",,,
"1828	簿	ボ	""record",,,
"1829	方	ホウ、かた	""direction",,,
"1830	包	ホウ、つつ-む	""wrap",,,
"1831	芳	ホウ、かんば-しい	fragrance",,,
"1832	邦	ホウ	country",,,
"1833	奉	ホウ、[ブ]、たてまつ-る	""present",,,
"1834	宝	ホウ、たから	treasure",,,
"1835	抱	ホウ、だ-く、いだ-く、かか-える	""hug",,,
"1836	放	ホウ、はな-す、はな-つ、はな-れる、ほう-る	""set free",,,
"1837	法	ホウ、[ハッ]、[ホッ]	""law",,,
"1838	泡	ホウ、あわ	""bubble",,,
"1839	胞	ホウ	""theca",,,
"1840	俸	ホウ	salary",,,
"1841	倣	ホウ、なら-う	""imitate",,,
"1842	峰	ホウ、みね	""peak",,,
"1843	砲	ホウ	""gun",,,
"1844	崩	ホウ、くず-れる、くず-す	die",,,
"1845	訪	ホウ、おとず-れる、たず-ねる	""visit",,,
"1846	報	ホウ、むく-いる	""news",,,
"1847	蜂	ホウ、はち	""bee",,,
"1848	豊	ホウ、ゆた-か	""abundant",,,
"1849	飽	ホウ、あ-きる、あ-かす	""get tired of",,,
"1850	褒	ホウ、ほ-める	""praise",,,
"1851	縫	ホウ、ぬ-う	""sew",,,
"1852	亡	ボウ、[モウ]、な-い	""my late",,,
"1853	乏	ボウ、とぼ-しい	""meager",,,
"1854	忙	ボウ、いそが-しい	""busy",,,
"1855	坊	ボウ、[ボッ]	""priest's residence; (Buddhist) priest; boy""",,,
"1856	妨	ボウ、さまた-げる	""disturb",,,
"1857	忘	ボウ、わす-れる	""forget; be forgetful of; forget about; forget (an article)""",,,
"1858	防	ボウ、ふせ-ぐ	""defend",,,
"1859	房	ボウ、ふさ	""house",,,
"1860	肪	ボウ	fat",,,
"1861	某	ボウ	""one",,,
"1862	冒	ボウ、おか-す	""risk",,,
"1863	剖	ボウ	divide",,,
"1864	紡	ボウ、つむ-ぐ	""spin",,,
"1865	望	ボウ、モウ、のぞ-む	""full moon; hope""",,,
"1866	傍	ボウ、かたわ-ら	""side; besides; while""",,,
"1867	帽	ボウ	""cap",,,
"1868	棒	ボウ	""stick",,,
"1869	貿	ボウ	exchange",,,
"1870	貌	ボウ	""form",,,
"1871	暴	ボウ、[バク]、あば-く、あば-れる	""violence",,,
"1872	膨	ボウ、ふく-らむ、ふく-れる	""get fat; get thick",,,
"1873	謀	ボウ、[ム]、はか-る	""plan",,,
"1874	頬	ほお	cheek",,,
"1875	北	ホク、きた	north",,,
"1876	木	ボク、モク、き、[こ]	""tree",,,
"1877	朴	ボク	""simple",,,
"1878	牧	ボク、まき	""care for",,,
"1879	睦	ボク	""friendly",,,
"1880	僕	ボク	""manservant",,,
"1881	墨	ボク、すみ	""India ink",,,
"1882	撲	ボク	""strike",,,
"1883	没	ボツ	""sink",,,
"1884	勃	ボツ	""suddenness; rise""",,,
"1885	堀	ほり	-",,,
"1886	本	ホン、もと	""book; this",,,
"1887	奔	ホン	run",,,
"1888	翻	ホン、ひるがえ-る、ひるがえ-す	""turn over",,,
"1889	凡	ボン、[ハン]	mediocrity",,,
"1890	盆	ボン	""Lantern Festival; Festivals of the Dead; tray""",,,
"1891	麻	マ、あさ	""flax",,,
"1892	摩	マ	""rub; rub off; polish; grind; graze; scrape; be equal to; be about to reach""",,,
"1893	磨	マ、みが-く	""polish",,,
"1894	魔	マ	""demon",,,
"1895	毎	マイ	""each",,,
"1896	妹	マイ、いもうと	""younger sister""",,,
"1897	枚	マイ	""counter for thin flat things",,,
"1898	昧	マイ	""dark; foolish""",,,
"1899	埋	マイ、う-める、う-まる、う-もれる	""be filled up",,,
"1900	幕	マク、バク	""curtain; bunting; an act (in a play); end; first rank (in sumo); a matter",,,
"1901	膜	マク	membrane",,,
"1902	枕	まくら	-",,,
"1903	又	また	-",,,
"1904	末	マツ、バツ、すえ	""end; powder""",,,
"1905	抹	マツ	""paint",,,
"1906	万	マン、バン	""ten thousand; myriad. fully; if by any chance""",,,
"1907	満	マン、み-ちる、み-たす	""fullness",,,
"1908	慢	マン	""lazinss; ridicule""",,,
"1909	漫	マン	""involuntarily",,,
"1910	未	ミ	""not yet. un-",,,
"1911	味	ミ、あじ、あじ-わう	""taste",,,
"1912	魅	ミ	""charm",,,
"1913	岬	みさき	-",,,
"1914	密	ミツ	""secrecy",,,
"1915	蜜	ミツ	""honey",,,
"1916	脈	ミャク	""vein (of ore); blood vessel; pulse; pulsation; hope""",,,
"1917	妙	ミョウ	""strange",,,
"1918	民	ミン、たみ	""people",,,
"1919	眠	ミン、ねむ-る、ねむ-い	sleep",,,
"1920	矛	ム、ほこ	""halberd; arms; festival car",,,
"1921	務	ム、つと-める、つと-まる	""serve",,,
"1922	無	ム、ブ、な-い	""nothing",,,
"1923	夢	ム、ゆめ	""dream",,,
"1924	霧	ム、きり	""mist",,,
"1925	娘	むすめ	-",,,
"1926	名	メイ、ミョウ、な	""distinguished",,,
"1927	命	メイ、ミョウ、いのち	""command",,,
"1928	明	メイ、ミョウ、あ-かり、あか-るい、あか-るむ、あか-らむ、あき-らか、あ-ける、あ-く、あ-くる、あ-かす	""clearness",,,
"1929	迷	メイ、まよ-う	""be perplexed",,,
"1930	冥	メイ、ミョウ	dark",,,
"1931	盟	メイ	""oath; alliance""",,,
"1932	銘	メイ	""inscription",,,
"1933	鳴	メイ、な-く、な-る、な-らす	""(animals and birds) cry",,,
"1934	滅	メツ、ほろ-びる、ほろ-ぼす	""be ruined; perish""",,,
"1935	免	メン、まぬか-れる	dismissal",,,
"1936	面	メン、おも、おもて、つら	""face features; mask",,,
"1937	綿	メン、わた	""cotton; cotton thread; cotton cloth""",,,
"1938	麺	メン	""noodles; wheat flour""",,,
"1939	茂	モ、しげ-る	""grow thick",,,
"1940	模	モ、ボ	""copy",,,
"1941	毛	モウ、け	""hair",,,
"1942	妄	モウ、ボウ	""without authority",,,
"1943	盲	モウ	blindness",,,
"1944	耗	モウ、[コウ]	decrease",,,
"1945	猛	モウ	""wildness",,,
"1946	網	モウ、あみ	""net",,,
"1947	目	モク、[ボク]、め、[ま]	""item",,,
"1948	黙	モク、だま-る	""keeping silence""",,,
"1949	門	モン、かど	""gate",,,
"1950	紋	モン	""crest; (textile) figures""",,,
"1951	問	モン、と-う、と-い、[とん]	""question",,,
"1952	冶	ヤ	melting",,,
"1953	夜	ヤ、よ、よる	night",,,
"1954	野	ヤ、の	""field",,,
"1955	弥	や	-",,,
"1956	厄	ヤク	""misfortune",,,
"1957	役	ヤク、エキ	""war",,,
"1958	約	ヤク	""promise",,,
"1959	訳	ヤク、わけ	translation",,,
"1960	薬	ヤク、くすり	medicine",,,
"1961	躍	ヤク、おど-る	""dance; leap",,,
"1962	闇	やみ	-",,,
"1963	由	ユ、ユウ、[ユイ]、よし	""depend on""",,,
"1964	油	ユ、あぶら	oil",,,
"1965	喩	ユ	""compare",,,
"1966	愉	ユ	rejoice",,,
"1967	諭	ユ、さと-す	""admonish",,,
"1968	輸	ユ	""send",,,
"1969	癒	ユ、い-える、い-やす	""heal",,,
"1970	唯	ユイ、[イ]	""only",,,
"1971	友	ユウ、とも	""friend",,,
"1972	有	ユウ、ウ、あ-る	""possession. being",,,
"1973	勇	ユウ、いさ-む	""bravery",,,
"1974	幽	ユウ	""confine to a room""",,,
"1975	悠	ユウ	""distant",,,
"1976	郵	ユウ	""stagecoach stop; mail""",,,
"1977	湧	ユウ、わ-く	""boil",,,
"1978	猶	ユウ	""further",,,
"1979	裕	ユウ	""abundant",,,
"1980	遊	ユウ、[ユ]、あそ-ぶ	""play; enjoy oneself; visit; take a holiday; be out of use",,,
"1981	雄	ユウ、お、おす	""male; hero; great leader; superiority",,,
"1982	誘	ユウ、さそ-う	""invite",,,
"1983	憂	ユウ、うれ-える、うれ-い、う-い	""grieve",,,
"1984	融	ユウ	""dissolve",,,
"1985	優	ユウ、やさ-しい、すぐ-れる	""actor; superiority; gentleness""",,,
"1986	与	ヨ、あた-える	""give",,,
"1987	予	ヨ	""I",,,
"1988	余	ヨ、あま-る、あま-す	""I",,,
"1989	誉	ヨ、ほま-れ	praise",,,
"1990	預	ヨ、あず-ける、あず-かる	""place in custody",,,
"1991	幼	ヨウ、おさな-い	""infancy",,,
"1992	用	ヨウ、もち-いる	""business",,,
"1993	羊	ヨウ、ひつじ	sheep",,,
"1994	妖	ヨウ、あや-しい	""attractive",,,
"1995	洋	ヨウ	""ocean",,,
"1996	要	ヨウ、かなめ、い-る	""main point",,,
"1997	容	ヨウ	""form; looks""",,,
"1998	庸	ヨウ	""ordinary; tax paid in labor; employment""",,,
"1999	揚	ヨウ、あ-げる、あ-がる	praise",,,
"2000	揺	ヨウ、ゆ-れる、ゆ-る、ゆ-らぐ、ゆ-るぐ、ゆ-する、ゆ-さぶる、ゆ-すぶる	""shake",,,
"2001	葉	ヨウ、は	""leaf; plane; lobe; counter for flat things""",,,
"2002	陽	ヨウ	""young principle",,,
"2003	溶	ヨウ、と-ける、と-かす、と-く	""melt",,,
"2004	腰	ヨウ、こし	""hips",,,
"2005	様	ヨウ、さま	""way",,,
"2006	瘍	ヨウ	""boil",,,
"2007	踊	ヨウ、おど-る、おど-り	""dance; leap",,,
"2008	窯	ヨウ、かま	""kiln",,,
"2009	養	ヨウ、やしな-う	""bring up",,,
"2010	擁	ヨウ	""embrace",,,
"2011	謡	ヨウ、うたい、うた-う	chant",,,
"2012	曜	ヨウ	""day of the week; light; shining""",,,
"2013	抑	ヨク、おさ-える	""stop",,,
"2014	沃	ヨク	""pour; fertility""",,,
"2015	浴	ヨク、あ-びる、あ-びせる	""bathe",,,
"2016	欲	ヨク、ほっ-する、ほ-しい	""covetousness; greed",,,
"2017	翌	ヨク	""next",,,
"2018	翼	ヨク、つばさ	""wing; plane; flank""",,,
"2019	拉	ラ	Latin",,,
"2020	裸	ラ、はだか	""naked body",,,
"2021	羅	ラ	""silk gauze",,,
"2022	来	ライ、く-る、きた-る、きた-す	""come. since (last month); for (ten days). next (year)""",,,
"2023	雷	ライ、かみなり	thunder",,,
"2024	頼	ライ、たの-む、たの-もしい、たよ-る	""ask",,,
"2025	絡	ラク、から-む、から-まる、から-める	""coil around",,,
"2026	落	ラク、お-ちる、お-とす	""fall",,,
"2027	酪	ラク	""whey",,,
"2028	辣	ラツ	bitter",,,
"2029	乱	ラン、みだ-れる、みだ-す	""riot",,,
"2030	卵	ラン、たまご	ovum",,,
"2031	覧	ラン	see",,,
"2032	濫	ラン	""overflow; spread over""",,,
"2033	藍	ラン、あい	""indigo (blue); indigo plant""",,,
"2034	欄	ラン	""column (in a newspaper); blank; space; railing""",,,
"2035	吏	リ	""an official""",,,
"2036	利	リ、き-く	""advantage",,,
"2037	里	リ、さと	""village; a Japanese league",,,
"2038	理	リ	""reason",,,
"2039	痢	リ	diarrhea",,,
"2040	裏	リ、うら	inside",,,
"2041	履	リ、は-く	""trample on",,,
"2042	璃	リ	""lapis lazuli""",,,
"2043	離	リ、はな-れる、はな-す	separation",,,
"2044	陸	リク	land",,,
"2045	立	リツ、[リュウ]、た-つ、た-てる	standing",,,
"2046	律	リツ、[リチ]	""law",,,
"2047	慄	リツ	""fear; shudder""",,,
"2048	略	リャク	""abbreviation",,,
"2049	柳	リュウ、やなぎ	willow",,,
"2050	流	リュウ、[ル]、なが-れる、なが-す	""current; counter for flags""",,,
"2051	留	リュウ、[ル]、と-める、と-まる	""stop",,,
"2052	竜	リュウ、たつ	""dragon; imperial""",,,
"2053	粒	リュウ、つぶ	""grain",,,
"2054	隆	リュウ	""high",,,
"2055	硫	リュウ	sulphur",,,
"2056	侶	リョ	""companion",,,
"2057	旅	リョ、たび	""journey; go around""",,,
"2058	虜	リョ	""captive; barbarian; low epithet for the enemy""",,,
"2059	慮	リョ	""thought",,,
"2060	了	リョウ	""finish",,,
"2061	両	リョウ	""old Japanese coin; both; two; vehicle counter""",,,
"2062	良	リョウ、よ-い	""good",,,
"2063	料	リョウ	""charge",,,
"2064	涼	リョウ、すず-しい、すず-む	cool",,,
"2065	猟	リョウ	""shooting",,,
"2066	陵	リョウ、みささぎ	""imperial tomb""",,,
"2067	量	リョウ、はか-る	""quantity",,,
"2068	僚	リョウ	""official; companion""",,,
"2069	領	リョウ	""dominion",,,
"2070	寮	リョウ	""hostel",,,
"2071	療	リョウ	""heal",,,
"2072	瞭	リョウ	clear",,,
"2073	糧	リョウ、[ロウ]、かて	""food",,,
"2074	力	リョク、リキ、ちから	""strain",,,
"2075	緑	リョク、[ロク]、みどり	""green",,,
"2076	林	リン、はやし	forest",,,
"2077	厘	リン	""one-tenth of a sen; one-tenth of a bu""",,,
"2078	倫	リン	companion",,,
"2079	輪	リン、わ	""ring",,,
"2080	隣	リン、とな-る、となり	neighboring",,,
"2081	臨	リン、のぞ-む	""face",,,
"2082	瑠	ル	""lapis lazuli""",,,
"2083	涙	ルイ、なみだ	""tear",,,
"2084	累	ルイ	""involvement",,,
"2085	塁	ルイ	""fort",,,
"2086	類	ルイ、たぐ-い	""kind",,,
"2087	令	レイ	""order",,,
"2088	礼	レイ、ライ	""salutation",,,
"2089	冷	レイ、つめ-たい、ひ-える、ひ-や、ひ-やす、ひ-やかす、さ-める、さ-ます	""cold",,,
"2090	励	レイ、はげ-む、はげ-ます	""be diligent""",,,
"2091	戻	レイ、もど-す、もど-る	""return",,,
"2092	例	レイ、たと-える	""custom",,,
"2093	鈴	レイ、リン、すず	""bell",,,
"2094	零	レイ	""zero",,,
"2095	霊	レイ、リョウ、たま	""soul",,,
"2096	隷	レイ	""servant; criminal; prisoner; follower""",,,
"2097	齢	レイ	age",,,
"2098	麗	レイ、うるわ-しい	""beautiful",,,
"2099	暦	レキ、こよみ	""calendar",,,
"2100	歴	レキ	""history; continuation; passing (of time)""",,,
"2101	列	レツ	""row",,,
"2102	劣	レツ、おと-る	""be inferior to",,,
"2103	烈	レツ	""violent",,,
"2104	裂	レツ、さ-く、さ-ける	""split",,,
"2105	恋	レン、こ-う、こい、こい-しい	""be in love""",,,
"2106	連	レン、つら-なる、つら-ねる、つ-れる	""ream; set; party",,,
"2107	廉	レン	""purity; honesty; low price; corner""",,,
"2108	練	レン、ね-る	""gloss",,,
"2109	錬	レン	""refine (metals); drill",,,
"2110	呂	ロ	backbone",,,
"2111	炉	ロ	""furnace",,,
"2112	賂	ロ	bribe",,,
"2113	路	ロ、じ	""road",,,
"2114	露	ロ、[ロウ]、つゆ	""dew; Russia""",,,
"2115	老	ロウ、お-いる、ふ-ける	""aging",,,
"2116	労	ロウ	""labor",,,
"2117	弄	ロウ、もてあそ-ぶ	""play with",,,
"2118	郎	ロウ	""man; husband; counter for sons""",,,
"2119	朗	ロウ、ほが-らか	""clear",,,
"2120	浪	ロウ	""waves",,,
"2121	廊	ロウ	""corridor",,,
"2122	楼	ロウ	""tower",,,
"2123	漏	ロウ、も-る、も-れる、も-らす	""leaking; water clock; time""",,,
"2124	籠	ロウ、かご、こ-もる	""be crowed; requiring (a lot of work)""",,,
"2125	六	ロク、む、む-つ、むっ-つ、[むい]	six",,,
"2126	録	ロク	record",,,
"2127	麓	ロク、ふもと	""foot of a mountain""",,,
"2128	論	ロン	""argument; discourse""",,,
"2129	和	ワ、[オ]、やわ-らぐ、やわ-らげる、なご-む、なご-やか	""sum; peace",,,
"2130	話	ワ、はな-す、はなし	""talk",,,
"2131	賄	ワイ、まかな-う	""board; supply; finance""",,,
"2132	脇	わき	""the other way; another place; side",,,
"2133	惑	ワク、まど-う	""be perplexed",,,
"2134	枠	わく	-",,,
"2135	湾	ワン	""gulf",,,
"2136	腕	ワン、うで	arm",,,
